gallery_name,gallery_website,startup_id,startup_name,startup_website,match_score
HighPerformr AI,https://highperformr.ai,highperformr-ai,HighPerformr AI,https://highperformr.ai,100
MapmyGenome,https://mapmygenome.in,mapmygenome,MapmyGenome,https://mapmygenome.in,100
OneImpression,https://oneimpression.ai,oneimpression,OneImpression,https://oneimpression.ai,100
Blinkit (Hyderabad Hub),https://blinkit.com,blinkit-hyd,Blinkit (Hyderabad Hub),https://blinkit.com,100
Aadya Infotechs,https://aadyainfotechs.com,aadyainfotechs,Aadya Infotechs,https://aadyainfotechs.com,100
AdOnMo,https://adonmo.com,adonmo,AdOnMo,https://adonmo.com,100
Adya.ai,https://adya.ai,adya-ai,Adya.ai,https://adya.ai,100
Aganitha AI,https://aganitha.ai,aganitha,Aganitha AI,https://aganitha.ai,100
AlgoHire,https://algohire.ai,algohire-ai,AlgoHire,https://algohire.ai,100
Alpine Intellect,https://thealpinecode.com,alpine-intellect,Alpine Intellect,https://thealpinecode.com,100
Antariksh Technology Ventures,https://antarikshtech.com,antariksh-technology-ventures,Antariksh Technology Ventures,https://antarikshtech.com,100
Apollo Micro Systems,https://apollo-micro.com,apollo-micro-systems,Apollo Micro Systems,https://apollo-micro.com,100
Aragen Life Sciences,https://aragen.com,aragen-life-sciences,Aragen Life Sciences,https://aragen.com,100
Archana Infosolutions,https://archanainfosolutions.com,archanainfosolutions,Archana Infosolutions,https://archanainfosolutions.com,100
Arkle Energy,https://arkleenergy.com,arkle-energy,Arkle Energy,https://arkleenergy.com,100
Artus AI,https://artusai.co,artus-ai,Artus AI,https://artusai.co,100
ASBL,https://asbl.in,asbl,ASBL,https://asbl.in,100
Asset Telematics,https://assettelematics.com,asset-telematics,Asset Telematics,https://assettelematics.com,100
Aurita Bikes,https://auritabikes.com,aurita-bikes,Aurita Bikes,https://auritabikes.com,100
Autocracy Machinery,https://autocracymachinery.com,autocracy-machinery,Autocracy Machinery,https://autocracymachinery.com,100
Banyan Nation,https://banyannation.com,banyan-nation,Banyan Nation,https://banyannation.com,100
BareLogics,https://barelogics.com,barelogics,BareLogics,https://barelogics.com,100
BeSpoke AI Stylist,https://bespokeaistylist.com,bespoke-ai-stylist,BeSpoke AI Stylist,https://bespokeaistylist.com,100
Betalectic,https://betalectic.com,betalectic,Betalectic,https://betalectic.com,100
BeyondTech,https://beyondtech.in,beyondtech,BeyondTech,https://beyondtech.in,100
Bhanzu,https://bhanzu.com,bhanzu,Bhanzu,https://bhanzu.com,100
Bharat Biotech,https://bharatbiotech.com,bharat-biotech,Bharat Biotech,https://bharatbiotech.com,100
BioReform,https://bioreform.in,bioreform,BioReform,https://bioreform.in,100
Blinkit,https://blinkit.com,blinkit,Blinkit,https://blinkit.com,100
Bluecopa,https://bluecopa.com,bluecopa,Bluecopa,https://bluecopa.com,100
BluJ Aero,https://blujaero.com,bluj-aero,BluJ Aero,https://blujaero.com,100
Botanic Healthcare,https://botanichealthcare.net,botanic-healthcare,Botanic Healthcare,https://botanichealthcare.net,100
BrightCHAMPS,https://brightchamps.com,brightchamps,BrightCHAMPS,https://brightchamps.com,100
BSIT Software,https://bsitsoftware.com,bsitsoftware,BSIT Software,https://bsitsoftware.com,100
Buildwright,https://buildwright.ai,buildwright,Buildwright,https://buildwright.ai,100
CallHealth,https://callhealth.com,callhealth,CallHealth,https://callhealth.com,100
ChitMonks,https://chitmonks.com,chitmonks,ChitMonks,https://chitmonks.com,100
CHRP-INDIA,https://chrp-india.com,chrp-india,CHRP-INDIA,https://chrp-india.com,100
Cognefi,https://cognefi.com,cognefi,Cognefi,https://cognefi.com,100
Cognida.ai,https://cognida.ai,cognida-ai,Cognida.ai,https://cognida.ai,100
CoKarma,https://cokarma.in,cokarma,CoKarma,https://cokarma.in,100
Coschool,https://coschool.ai,coschool,Coschool,https://coschool.ai,100
Cosmoserve Space,https://cosmoserve.space,cosmoserve-space,Cosmoserve Space,https://cosmoserve.space,100
Country Delight,https://countrydelight.in,country-delight,Country Delight,https://countrydelight.in,100
COX Quality Technology Solutions,https://coxquality.com,cox-quality-technology-solutions,COX Quality Technology Solutions,https://coxquality.com,100
CredRight,https://credright.com,credright,CredRight,https://credright.com,100
CricClubs,https://cricclubs.com,cricclubs,CricClubs,https://cricclubs.com,100
Crux IT Consulting Services,https://cruxit.in,crux-it-consulting-services,Crux IT Consulting Services,https://cruxit.in,100
CtrlS Datacenters,https://ctrls.com,ctrls-in,CtrlS Datacenters,https://ctrls.com,100
Cultnerds,https://cultnerds.com,cultnerds,Cultnerds,https://cultnerds.com,100
Cusmat Technologies,https://cusmat.com,cusmat-technologies,Cusmat Technologies,https://cusmat.com,100
Darwinbox,https://darwinbox.com,darwinbox,Darwinbox,https://darwinbox.com,100
Deccan AI,https://deccan.ai,deccan-ai-b2,Deccan AI,https://deccan.ai,100
Dhruva Space,https://dhruvaspace.com,dhruva-space,Dhruva Space,https://dhruvaspace.com,100
DiabetOmics,https://diabetomics.com,diabetomics,DiabetOmics,https://diabetomics.com,100
Digi-Prex,https://digi-prex.com,digi-prex,Digi-Prex,https://digi-prex.com,100
Docturnal,https://docturnal.com,docturnal,Docturnal,https://docturnal.com,100
Dodla Dairy,https://dodladairy.com,dodla-dairy,Dodla Dairy,https://dodladairy.com,100
Domimart,https://domimart.in,domimart,Domimart,https://domimart.in,100
Dozee,https://dozee.health,dozee,Dozee,https://dozee.health,100
Edutor Technologies,https://ignitorlearning.com,edutor-technologies,Edutor Technologies,https://ignitorlearning.com,100
Ekincare,https://ekincare.com,ekincare,Ekincare,https://ekincare.com,100
Enaayah,https://enaayah.com,enaayah,Enaayah,https://enaayah.com,100
Engine Biosciences,https://enginebio.com,engine-biosciences,Engine Biosciences,https://enginebio.com,100
Enmovil,https://enmovil.net,enmovil-b2,Enmovil,https://enmovil.net,100
Entersoft Security,https://entersoftsecurity.com,entersoftsecurity,Entersoft Security,https://entersoftsecurity.com,100
Equal,https://equal.in,equal-identity,Equal,https://equal.in,100
Esktec,https://esktec.com,esktec,Esktec,https://esktec.com,100
Eunoia Innovations,https://eunoiainnovations.com,eunoia-innovations,Eunoia Innovations,https://eunoiainnovations.com,100
Evolgence,https://evolgence.com,evolgence,Evolgence,https://evolgence.com,100
Evolv28,https://evolv28.com,evolv28,Evolv28,https://evolv28.com,100
Eyva,https://eyva.io,eyva,Eyva,https://eyva.io,100
Flashoot,https://flashoot.com,flashoot,Flashoot,https://flashoot.com,100
FlyingCaps Technologies,https://flyingcaps.com,flyingcaps-technologies,FlyingCaps Technologies,https://flyingcaps.com,100
Fourth Partner Energy,https://fourthpartner.co,fourth-partner-energy,Fourth Partner Energy,https://fourthpartner.co,100
FreJun,https://frejun.com,frejun,FreJun,https://frejun.com,100
Freyr Energy,https://freyrenergy.com,freyr-energy,Freyr Energy,https://freyrenergy.com,100
Frontlines EduTech (FLM),https://frontlinesedutech.com,frontlines-edutech,Frontlines EduTech (FLM),https://frontlinesedutech.com,100
Gayam Motor Works (GMW),https://gayammotorworks.com,gayam-motor-works,Gayam Motor Works (GMW),https://gayammotorworks.com,100
GeoSilicon,https://geosilicon.com,geosilicon,GeoSilicon,https://geosilicon.com,100
GeoVista,https://geovista.in,geovista,GeoVista,https://geovista.in,100
Getto India,https://getto-india.com,getto-india,Getto India,https://getto-india.com,100
glouniTech,https://glounitech.com,glounitech,glouniTech,https://glounitech.com,100
Gradious Technologies,https://gradious.com,gradious-technologies,Gradious Technologies,https://gradious.com,100
Greenko Group,https://greenkogroup.com,greenkogroup,Greenko Group,https://greenkogroup.com,100
Grene Robotics,https://grenerobotics.com,grene-robotics,Grene Robotics,https://grenerobotics.com,100
Gritty Tech,https://grittytech.com,gritty-tech,Gritty Tech,https://grittytech.com,100
Hala Mobility,https://halamobility.in,hala-mobility,Hala Mobility,https://halamobility.in,100
Harvested Robotics,https://harvestedrobotics.com,harvested-robotics,Harvested Robotics,https://harvestedrobotics.com,100
HatchingApps,https://hatchingapps.com,hatchingapps,HatchingApps,https://hatchingapps.com,100
HealthSignz,https://healthsignz.net,healthsignz,HealthSignz,https://healthsignz.net,100
Helex,https://helex.in,helex,Helex,https://helex.in,100
Hesa,https://hesa.co,hesa-b2,Hesa,https://hesa.co,100
Hierarchsoft,https://hierarchsoft.com,hierarchsoft,Hierarchsoft,https://hierarchsoft.com,100
HighRadius,https://highradius.com,highradius,HighRadius,https://highradius.com,100
Hitwicket,https://hitwicket.com,hitwicket,Hitwicket,https://hitwicket.com,100
HomeGround,https://homegroundapp.com,homeground,HomeGround,https://homegroundapp.com,100
HYLENR,https://hylenr.com,hylenr,HYLENR,https://hylenr.com,100
IMImobile,https://imimobile.com,imimobile,IMImobile,https://imimobile.com,100
IncNut Digital,https://incnut.com,incnut-digital,IncNut Digital,https://incnut.com,100
Indian Eagle,https://indianeagle.com,indian-eagle,Indian Eagle,https://indianeagle.com,100
Infinity Learn,https://infinitylearn.com,infinity-learn,Infinity Learn,https://infinitylearn.com,100
Infinity Square Digital Marketing Services,https://infinitysquaredigitalmarketing.com,infinity-square-digital-marketing-services,Infinity Square Digital Marketing Services,https://infinitysquaredigitalmarketing.com,100
INKPROG Technologies,https://inkprog.com,inkprog-technologies,INKPROG Technologies,https://inkprog.com,100
Inncircles,https://inncircles.com,inncircles,Inncircles,https://inncircles.com,100
Insurge AI,https://insurgeai.com,insurge-ai,Insurge AI,https://insurgeai.com,100
Isthara,https://isthara.com,isthara,Isthara,https://isthara.com,100
Jeh Aerospace,https://jeh.aero,jeh-aerospace,Jeh Aerospace,https://jeh.aero,100
Jobiak,https://jobiak.ai,jobiak,Jobiak,https://jobiak.ai,100
Kalgudi,https://kalgudi.com,kalgudi,Kalgudi,https://kalgudi.com,100
Kanerika,https://kanerika.com,kanerika,Kanerika,https://kanerika.com,100
KDR Soft Solutions,https://kdrsoftsolutions.com,kdrsoftsolutions,KDR Soft Solutions,https://kdrsoftsolutions.com,100
Keka HR,https://keka.com,keka-hr,Keka HR,https://keka.com,100
KFin Technologies,https://kfintech.com,kfin-technologies,KFin Technologies,https://kfintech.com,100
Kisanwala,https://kisanwala.com,kisanwala,Kisanwala,https://kisanwala.com,100
Klee Technologies,https://kleetech.com,klee-technologies,Klee Technologies,https://kleetech.com,100
KoderTroop,https://kodertroop.com,kodertroop,KoderTroop,https://kodertroop.com,100
Kraionyx,https://kraionyx.com,kraionyx,Kraionyx,https://kraionyx.com,100
Kritsnam Technologies,https://kritsnam.com,kritsnam,Kritsnam Technologies,https://kritsnam.com,100
Laalsa,https://laalsa.com,laalsa,Laalsa,https://laalsa.com,100
Landeed,https://landeed.com,landeed,Landeed,https://landeed.com,100
Landlens,https://landlens.co,landlens,Landlens,https://landlens.co,100
Leap India Food and Logistics,https://leapifl.com,leap-india-food-and-logistics,Leap India Food and Logistics,https://leapifl.com,100
Liquidnitro Games,https://liquidnitro.games,liquidnitro-games,Liquidnitro Games,https://liquidnitro.games,100
Litemed,https://litemed.co.in,litemed,Litemed,https://litemed.co.in,100
Livo.ai,https://livo.ai,livo-ai,Livo.ai,https://livo.ai,100
Logy.AI,https://logy.ai,logy-ai,Logy.AI,https://logy.ai,100
Mahaveer Soft Solutions,https://mahaveersoft.com,mahaveersoftsolutions,Mahaveer Soft Solutions,https://mahaveersoft.com,100
Makers Hive,https://makershive.io,makers-hive,Makers Hive,https://makershive.io,100
Marut Drones,https://marutdrones.com,marut-drones,Marut Drones,https://marutdrones.com,100
Material Depot,https://materialdepot.in,material-depot,Material Depot,https://materialdepot.in,100
Medtotes,https://medtotes.com,medtotes,Medtotes,https://medtotes.com,100
metapointer,https://metapointer.com,metapointer,metapointer,https://metapointer.com,100
MonaMIT,https://monamit.com,monamit,MonaMIT,https://monamit.com,100
Monitra Healthcare,https://monitrahealth.com,monitra-healthcare,Monitra Healthcare,https://monitrahealth.com,100
Monopoly IT,https://monopolyit.com,monopolyit,Monopoly IT,https://monopolyit.com,100
Montaigne Smart Business Solutions,https://montaigne.co,montaigne-smart-business-solutions,Montaigne Smart Business Solutions,https://montaigne.co,100
MSNW Tech,https://msnwtech.com,msnwtech,MSNW Tech,https://msnwtech.com,100
mTouch Labs,https://mtouchlabs.com,mtouchlabs,mTouch Labs,https://mtouchlabs.com,100
Multiplier AI,https://multiplierai.co,multiplier-ai,Multiplier AI,https://multiplierai.co,100
Myelin Foundry,https://myelinfoundry.ai,myelin-foundry,Myelin Foundry,https://myelinfoundry.ai,100
NEEMII,https://neemii.com,neemii,NEEMII,https://neemii.com,100
NephroPlus,https://nephroplus.com,nephroplus,NephroPlus,https://nephroplus.com,100
Nexoraa,https://nexoraa.com,nexoraa,Nexoraa,https://nexoraa.com,100
NowFloats,https://nowfloats.com,nowfloats,NowFloats,https://nowfloats.com,100
Nucon Aerospace,https://nuconaerospace.com,nucon-aerospace,Nucon Aerospace,https://nuconaerospace.com,100
NxtWave (CCBP 4.0),https://ccbp.in,nxtwave,NxtWave (CCBP 4.0),https://ccbp.in,100
Olectra Greentech,https://olectra.com,olectra-greentech,Olectra Greentech,https://olectra.com,100
Omni Hospitals,https://omnihospitals.in,omni-hospitals,Omni Hospitals,https://omnihospitals.in,100
OneFitPlus (Cultsport),https://cultsport.com,onefitplus,OneFitPlus (Cultsport),https://cultsport.com,100
OneMoney (Finsec AA),https://onemoney.in,onemoney,OneMoney (Finsec AA),https://onemoney.in,100
Onward Assist,https://onwardhealth.ai,onward-assist,Onward Assist,https://onwardhealth.ai,100
OpsTech,https://opstech.in,opstech,OpsTech,https://opstech.in,100
OrangeShark,https://orangeshark.com,orangeshark,OrangeShark,https://orangeshark.com,100
Pavakah Energy,https://pavakahenergy.com,pavakah-energy,Pavakah Energy,https://pavakahenergy.com,100
PayZello,https://payzello.com,payzello,PayZello,https://payzello.com,100
Perceptyne,https://perceptyne.com,perceptyne,Perceptyne,https://perceptyne.com,100
PerspectAI,https://perspect.ai,perspectai,PerspectAI,https://perspect.ai,100
Pi Datacenters,https://pidatacenters.com,pi-datacenters,Pi Datacenters,https://pidatacenters.com,100
pipra.solutions,https://pipra.solutions,pipra-solutions,pipra.solutions,https://pipra.solutions,100
Pixelvide,https://pixelvide.com,pixelvide,Pixelvide,https://pixelvide.com,100
Plane,https://plane.so,plane,Plane,https://plane.so,100
Portea Medical,https://portea.com,portea-medical,Portea Medical,https://portea.com,100
Portl,https://portl.co,portl,Portl,https://portl.co,100
Pure EV,https://pureenergy.co.in,pure-ev,Pure EV,https://pureenergy.co.in,100
PurpleTalk,https://purpletalk.com,purpletalk,PurpleTalk,https://purpletalk.com,100
QApilot,https://qapilot.ai,qapilot,QApilot,https://qapilot.ai,100
QualiZeal,https://qualizeal.com,qualizeal,QualiZeal,https://qualizeal.com,100
Quanteon Solutions,https://quanteon.co,quanteon-solutions,Quanteon Solutions,https://quanteon.co,100
Quantum Energy,https://quantumenergy.in,quantum-energy,Quantum Energy,https://quantumenergy.in,100
Qube,https://qubecinema.com,qube,Qube,https://qubecinema.com,100
Questbook,https://questbook.app,questbook,Questbook,https://questbook.app,100
Quixy,https://quixy.com,quixy,Quixy,https://quixy.com,100
Raghu Vamsi Aerospace Group,https://raghuvamsi.com,raghu-vamsi-aerospace,Raghu Vamsi Aerospace Group,https://raghuvamsi.com,100
Rational Knowledge Services,https://rationalks.com,rationalknowledgeservices,Rational Knowledge Services,https://rationalks.com,100
Reclaim Protocol,https://reclaimprotocol.org,reclaim-protocol,Reclaim Protocol,https://reclaimprotocol.org,100
Recykal,https://recykal.com,recykal,Recykal,https://recykal.com,100
RED.Health,https://red.health,red-health,RED.Health,https://red.health,100
RentAid,https://rentaid.in,rentaid,RentAid,https://rentaid.in,100
Sanaari,https://sanaari.com,sanaari,Sanaari,https://sanaari.com,100
Sanyark Space Technologies,https://sanyark.com,sanyark-space,Sanyark Space Technologies,https://sanyark.com,100
Scale.jobs,https://scale.jobs,scale-jobs,Scale.jobs,https://scale.jobs,100
Semex AI,https://t-hub.co,semex-ai,Semex AI,https://t-hub.co,100
Sense Health Technologies,https://itic.iith.ac.in,sense-health,Sense Health Technologies,https://itic.iith.ac.in,100
Seven Robotics (ProtonX),https://sevenrobotics.in,protonx-seven-robotics,Seven Robotics (ProtonX),https://sevenrobotics.in,100
Shoshin Tech,https://shoshin.tech,shoshin-tech,Shoshin Tech,https://shoshin.tech,100
SignalX.ai,https://signalx.ai,signalx-ai,SignalX.ai,https://signalx.ai,100
Signzy,https://signzy.com,signzy,Signzy,https://signzy.com,100
Silicon Business Solutions,https://siliconbiz.in,silicon-business-solutions,Silicon Business Solutions,https://siliconbiz.in,100
Sind Technologies,https://sindtechnologies.com,sind-technologies,Sind Technologies,https://sindtechnologies.com,100
Sioniq ERP,https://sioniqerp.com,sioniqerp,Sioniq ERP,https://sioniqerp.com,100
Skyroot Aerospace,https://skyroot.in,skyroot-aerospace,Skyroot Aerospace,https://skyroot.in,100
Space OS,https://t-hub.co,space-os,Space OS,https://t-hub.co,100
SpadeWorks,https://spadeworks.co,spadeworks-b2,SpadeWorks,https://spadeworks.co,100
Spicenet,https://spicenet.in,spicenet,Spicenet,https://spicenet.in,100
SreeAL,https://sreeal.com,sreeal,SreeAL,https://sreeal.com,100
STAG Innovations,https://staginnovations.com,stag-innovations,STAG Innovations,https://staginnovations.com,100
Startoon Labs,https://startoonlabs.com,startoon-labs,Startoon Labs,https://startoonlabs.com,100
StaTwig,https://statwig.com,statwig,StaTwig,https://statwig.com,100
StelX Dynamics,https://stelxdynamics.com,stelx-dynamics,StelX Dynamics,https://stelxdynamics.com,100
Storyvord,https://storyvord.io,storyvord,Storyvord,https://storyvord.io,100
Student Tribe,https://studenttribe.in,student-tribe,Student Tribe,https://studenttribe.in,100
Subtl.ai,https://subtl.ai,subtl-ai,Subtl.ai,https://subtl.ai,100
SuccessMetric,https://successmetric.in,successmetric,SuccessMetric,https://successmetric.in,100
Swipe,https://getswipe.in,swipe,Swipe,https://getswipe.in,100
T-Works,https://tworks.telangana.gov.in,t-works,T-Works,https://tworks.telangana.gov.in,100
TakeMe2Space,https://tm2.space,takeme2space,TakeMe2Space,https://tm2.space,100
TeamWA,https://teamwa.com,teamwa,TeamWA,https://teamwa.com,100
Tech Cloud ERP,https://techclouderp.com,tech-cloud-erp,Tech Cloud ERP,https://techclouderp.com,100
TechBHP,https://techbhp.com,techbhp,TechBHP,https://techbhp.com,100
TechVedika,https://techvedika.com,techvedika,TechVedika,https://techvedika.com,100
TechZert,https://techzert.com,techzert,TechZert,https://techzert.com,100
Tenet Diagnostics,https://tenetmedcorp.com,tenet-diagnostics,Tenet Diagnostics,https://tenetmedcorp.com,100
TensorGo,https://tensorgo.com,tensorgo,TensorGo,https://tensorgo.com,100
The Corpus Group,https://corpus.com,thecorpusgroup,The Corpus Group,https://corpus.com,100
Tiny Tactics,https://tinytactics.com,tiny-tactics,Tiny Tactics,https://tinytactics.com,100
Tohands,https://smart.tohands.in,tohands,Tohands,https://smart.tohands.in,100
Track3D,https://track3d.ai,track3d,Track3D,https://track3d.ai,100
Tractrix Opto Dynamics,https://tractrix.in,tractrix-opto-dynamics,Tractrix Opto Dynamics,https://tractrix.in,100
Trans India,https://transin.in,trans-india,Trans India,https://transin.in,100
TRiDE Mobility,https://tridemobility.com,tride-mobility,TRiDE Mobility,https://tridemobility.com,100
TurboHire,https://turbohire.co,turbohire,TurboHire,https://turbohire.co,100
Tutorac,https://tutorac.com,tutorac,Tutorac,https://tutorac.com,100
TVISHA,https://tvisha.com,tvisha,TVISHA,https://tvisha.com,100
uBlood,https://ublood.com,ublood,uBlood,https://ublood.com,100
UnoCareer,https://unocareer.com,unocareer-services,UnoCareer,https://unocareer.com,100
UrbanKisaan,https://urbankisaan.com,urbankisaan,UrbanKisaan,https://urbankisaan.com,100
Vaave,https://vaave.com,vaave,Vaave,https://vaave.com,100
Vahn,https://vahn.in,vahn,Vahn,https://vahn.in,100
Vasista,https://vasista.in,vasista,Vasista,https://vasista.in,100
Vectorform,https://vectorform.com,vectorform,Vectorform,https://vectorform.com,100
Velotrax,https://t-hub.co,velotrax,Velotrax,https://t-hub.co,100
Vembi Technologies,https://vembi.in,vembi-technologies,Vembi Technologies,https://vembi.in,100
Vivifi India,https://vivifin.com,vivifi-india,Vivifi India,https://vivifin.com,100
Vixspace,https://vixspace.com,vixspace,Vixspace,https://vixspace.com,100
Vizen Life Sciences,https://vizenlifesciences.com,vizen-life-sciences,Vizen Life Sciences,https://vizenlifesciences.com,100
Vogo,https://vogo.in,vogo-automotive,Vogo,https://vogo.in,100
Way2News,https://way2news.com,way2news-b2,Way2News,https://way2news.com,100
WEB ERA,https://webera.in,web-era,WEB ERA,https://webera.in,100
Wehouse,https://wehouse.in,wehouse,Wehouse,https://wehouse.in,100
Wexa AI,https://wexa.ai,wexa-ai,Wexa AI,https://wexa.ai,100
Windo,https://getwindo.com,windo,Windo,https://getwindo.com,100
Wisdom Overseas,https://wisdomoverseas.com,wisdomoverseas,Wisdom Overseas,https://wisdomoverseas.com,100
XDLINX Space Labs,https://xdlinx.space,xdlinx-space-labs,XDLINX Space Labs,https://xdlinx.space,100
XtremeICT,https://xtremeict.com,xtremeict,XtremeICT,https://xtremeict.com,100
Yapan Bio,https://yapanbio.com,yapan-bio,Yapan Bio,https://yapanbio.com,100
Zaggle,https://zaggle.in,zaggle,Zaggle,https://zaggle.in,100
Zebi,https://zebi.io,zebi,Zebi,https://zebi.io,100
Zenoti,https://zenoti.com,zenoti,Zenoti,https://zenoti.com,100
Zenwork,https://zenwork.com,zenwork,Zenwork,https://zenwork.com,100
ZettaMine,https://zettamine.com,zettamine,ZettaMine,https://zettamine.com,100
Zodhya,https://zodhyatech.com,zodhya,Zodhya,https://zodhyatech.com,100
Zomato,https://zomato.com,zomato,Zomato,https://zomato.com,100
Zuddl,https://zuddl.com,zuddl,Zuddl,https://zuddl.com,100
Zype Digital,https://zypedigital.com,zype-digital,Zype Digital,https://zypedigital.com,100
Zyppys,https://zyppys.com,zyppys,Zyppys,https://zyppys.com,100
Verizon,https://www.verizon.com,verizon-com,Verizon,https://www.verizon.com,100
GHX,https://www.ghx.com,ghx-com,GHX,https://www.ghx.com,100
Innova Solutions,https://www.innovasolutions.com,innovasolutions-com,Innova Solutions,https://www.innovasolutions.com,100
Renesas,https://www.renesas.com,renesas-com,Renesas,https://www.renesas.com,100
Randstad,https://www.randstad.in,randstad-in,Randstad,https://www.randstad.in,100
WeWork,https://wework.co.in,wework-co-in,WeWork,https://wework.co.in,100
Verisk,https://www.verisk.com,verisk-com,Verisk,https://www.verisk.com,100
UST,https://www.ust.com,ust-com,UST,https://www.ust.com,100
Fujitsu,https://www.fujitsu.com,fujitsu-com,Fujitsu,https://www.fujitsu.com,100
Synchrony,https://www.synchrony.com,synchrony-com,Synchrony,https://www.synchrony.com,100
PwC,https://www.pwc.in,pwc-in,PwC,https://www.pwc.in,100
Buzzworks,https://buzzworks.com,buzzworks-com,Buzzworks,https://buzzworks.com,100
ITC Infotech,https://www.itcinfotech.com,itcinfotech-com,ITC Infotech,https://www.itcinfotech.com,100
Smartworks,https://www.smartworksoffice.com,smartworksoffice-com,Smartworks,https://www.smartworksoffice.com,100
Cyient,https://www.cyient.com,cyient-com,Cyient,https://www.cyient.com,100
Atos,https://www.atos.net,atos-net,Atos,https://www.atos.net,100
Artech,https://www.artech.com,artech-com,Artech,https://www.artech.com,100
Colliers,https://www.colliers.com,colliers-com,Colliers,https://www.colliers.com,100
Concentrix,https://www.concentrix.com,concentrix-com,Concentrix,https://www.concentrix.com,100
Boston Consulting Group,https://www.bcg.com,bcg-com,Boston Consulting Group,https://www.bcg.com,100
DXC Technology,https://www.dxc.com,dxc-com,DXC Technology,https://www.dxc.com,100
Evalueserve,https://www.evalueserve.com,evalueserve-com,Evalueserve,https://www.evalueserve.com,100
Accenture,https://www.accenture.com,accenture-com,Accenture,https://www.accenture.com,100
CtrlS Datacenters,https://www.ctrls.in,ctrls-in,CtrlS Datacenters,https://ctrls.com,100
Novartis,https://www.novartis.com,novartis-com,Novartis,https://www.novartis.com,100
Cloudnine Hospital,https://www.cloudninehospitals.com,cloudninehospitals-com,Cloudnine Hospital,https://www.cloudninehospitals.com,100
Cotiviti,https://www.cotiviti.com,cotiviti-com,Cotiviti,https://www.cotiviti.com,100
Zelis,https://www.zelis.com,zelis-com,Zelis,https://www.zelis.com,100
Solenis,https://www.solenis.com,solenis-com,Solenis,https://www.solenis.com,100
DAZN,https://dazn.com,dazn-com,DAZN,https://dazn.com,100
Thomson Reuters,https://www.thomsonreuters.com,thomsonreuters-com,Thomson Reuters,https://www.thomsonreuters.com,100
Progress Software,https://www.progress.com,progress-com,Progress Software,https://www.progress.com,100
Thermo Fisher Scientific,https://www.thermofisher.com,thermofisher-com,Thermo Fisher Scientific,https://www.thermofisher.com,100
RSM US,https://rsmus.com,rsmus-com,RSM US,https://rsmus.com,100
Experian,https://www.experian.in,experian-in,Experian,https://www.experian.in,100
Eli Lilly,https://www.lilly.com,lilly-com,Eli Lilly,https://www.lilly.com,100
Paltech,https://paltech.com,paltech,PalTech,https://paltech.com,100
ShareChat,https://sharechat.com,sharechat-com,ShareChat,https://sharechat.com,100
Juspay,https://juspay.in,juspay-in,Juspay,https://juspay.in,100
Razorpay,https://razorpay.com,razorpay-com,Razorpay,https://razorpay.com,100
Scry Analytics,https://scryanalytics.ai,scryanalytics,Scry Analytics,https://scryanalytics.ai,100
Truveta,https://www.truveta.com,truveta-com,Truveta,https://www.truveta.com,100
Udaan,https://udaan.com,udaan-com,Udaan,https://udaan.com,100
Vymo,https://getvymo.com,getvymo-com,Vymo,https://getvymo.com,100
XpressBees,https://www.xpressbees.com,xpressbees-com,XpressBees,https://www.xpressbees.com,100
Yulu,https://www.yulu.bike,yulu-bike,Yulu,https://www.yulu.bike,100
ZoloStays,https://zolostays.com,zolostays,ZoloStays,https://zolostays.com,100
NanoHeal,https://www.nanoheal.com,nanoheal-com,NanoHeal,https://www.nanoheal.com,100
AgriBazaar,https://www.agribazaar.com,agribazaar-com,AgriBazaar,https://www.agribazaar.com,100
Bitkraft Technologies,https://www.bitkraft.co,bitkraft-co,Bitkraft Technologies,https://www.bitkraft.co,100
Druva,https://www.druva.com,druva-com,Druva,https://www.druva.com,100
Ecom Express,https://ecomexpress.in,ecomexpress-in,Ecom Express,https://ecomexpress.in,100
mfine,https://www.mfine.co,mfine-co,mfine,https://www.mfine.co,100
Yubi,https://www.go-yubi.com,go-yubi-com,Yubi,https://www.go-yubi.com,100
Crayon Data,https://www.crayondata.com,crayondata-com,Crayon Data,https://www.crayondata.com,100
Rebel Foods,https://rebelfoods.com,rebelfoods,Rebel Foods,https://rebelfoods.com,100
Pristyn Care,https://www.pristyncare.com,pristyncare-com,Pristyn Care,https://www.pristyncare.com,100
Qikru,https://qikru.com,qikru-com,Qikru,https://qikru.com,100
RetailDaddy,https://retaildaddy.com,retaildaddy-com,RetailDaddy,https://retaildaddy.com,100
TalentRecruit,https://www.talentrecruit.com,talentrecruit-com,TalentRecruit,https://www.talentrecruit.com,100
Uniphore,https://www.uniphore.com,uniphore-com,Uniphore,https://www.uniphore.com,100
OTIS,https://www.otis.com,otis-com,OTIS,https://www.otis.com,100
AMD,https://www.amd.com,amd-com,AMD,https://www.amd.com,100
Lloyds Technology Centre,https://www.lloydsbankinggroup.com,lloydsbankinggroup-com,Lloyds Technology Centre,https://www.lloydsbankinggroup.com,100
Silicon Labs,https://www.silabs.com,silabs-com,Silicon Labs,https://www.silabs.com,100
MathWorks,https://www.mathworks.com,mathworks-com,MathWorks,https://www.mathworks.com,100
Blue Yonder,https://blueyonder.com,blueyonder-com,Blue Yonder,https://blueyonder.com,100
Chubb,https://www.chubb.com,chubb-com,Chubb,https://www.chubb.com,100
TJX Companies,https://www.tjx.com,tjx-com,TJX Companies,https://www.tjx.com,100
Trimont,https://www.trimont.com,trimont-com,Trimont,https://www.trimont.com,100
ModMed,https://www.modmed.com,modmed-com,ModMed,https://www.modmed.com,100
iSprout,https://isprout.in,isprout-in,iSprout,https://isprout.in,100
Hyundai Mobis,https://www.mobis.co.kr,mobis-co-kr,Hyundai Mobis,https://www.mobis.co.kr,100
Vensar Constructions,https://vensar.in,vensar-in,Vensar Constructions,https://vensar.in,100
Fresher Jobs,https://way2fresher.com/,fresher-jobs,Fresher Jobs,https://way2fresher.com/,100
Payswiff,https://www.payswiff.com/,payswiff,Payswiff,https://www.payswiff.com/,100
byteXL,https://bytexl.com/,bytexl,byteXL,https://bytexl.com/,100
MySmartPrice.com,https://www.mysmartprice.com/,mysmartpricecom,MySmartPrice.com,https://www.mysmartprice.com/,100
Mtuity - A Paradigm Company,https://quantela.com/,mtuity-a-paradigm-company,Mtuity - A Paradigm Company,https://quantela.com/,100
Conneqt Business Solutions Limited,https://conneqtcorp.com/,conneqt-business-solutions-limited,Conneqt Business Solutions Limited,https://conneqtcorp.com/,100
Power Mech Projects Limited,https://powermechprojects.com/,power-mech-projects-limited,Power Mech Projects Limited,https://powermechprojects.com/,100
Gati Ltd,https://www.gati.com/,gati-ltd,Gati Ltd,https://www.gati.com/,100
ValueLabs,https://www.valuelabs.com/,valuelabs,ValueLabs,https://www.valuelabs.com/,100
CONSTELLI,https://constelli.com/,constelli,CONSTELLI,https://constelli.com/,100
MedPlus Health Services Limited,https://www.medplusindia.com/,medplus-health-services-limited,MedPlus Health Services Limited,https://www.medplusindia.com/,100
Ramky Enviro Engineers Limited,https://ramkyenviroengineers.com/,ramky-enviro-engineers-limited,Ramky Enviro Engineers Limited,https://ramkyenviroengineers.com/,100
GVK,https://gvk.com/,gvk,GVK,https://gvk.com/,100
Laurus Labs,https://www.lauruslabs.com/,laurus-labs,Laurus Labs,https://www.lauruslabs.com/,100
SOMA,https://soma.co.in/,soma,SOMA,https://soma.co.in/,100
Ramky Group,https://ramky.com/,ramky-group,Ramky Group,https://ramky.com/,100
AIG Hospitals,https://aighospitals.com/,aig-hospitals,AIG Hospitals,https://aighospitals.com/,100
Next Education,https://www.nexteducation.in/,next-education,Next Education,https://www.nexteducation.in/,100
I-PAC,https://indianpac.com/,i-pac,I-PAC,https://indianpac.com/,100
MediaMint,https://mediamint.com/,mediamint,MediaMint,https://mediamint.com/,100
DaVita Nephrolife,https://nephrolife.in/,davita-nephrolife,DaVita Nephrolife,https://nephrolife.in/,100
Jarsh Safety,https://jarshsafety.com/,jarsh-safety,Jarsh Safety,https://jarshsafety.com/,100
Keolis Hyderabad Mass Rapid Transit System,https://keolishyderabad.com/,keolis-hyderabad-mass-rapid-transit-system,Keolis Hyderabad Mass Rapid Transit System,https://keolishyderabad.com/,100
Medicover Hospitals,https://www.medicoverhospitals.in/,medicover-hospitals,Medicover Hospitals,https://www.medicoverhospitals.in/,100
Unschool,https://unschool.in/,unschool,Unschool,https://unschool.in/,100
MEDHA SERVO DRIVES PVT LTD,https://medha.com/,medha-servo-drives-pvt-ltd,MEDHA SERVO DRIVES PVT LTD,https://medha.com/,100
Piramal Swasthya,https://piramalswasthya.org/,piramal-swasthya,Piramal Swasthya,https://piramalswasthya.org/,100
Brane Enterprises,https://nslhub.com/,brane-enterprises,Brane Enterprises,https://nslhub.com/,100
Deccan Fine Chemicals,https://deccanchemicals.com/,deccan-fine-chemicals,Deccan Fine Chemicals,https://deccanchemicals.com/,100
Pramati Technologies,https://pramati.com/,pramati-technologies,Pramati Technologies,https://pramati.com/,100
NMDC Limited,https://www.nmdc.co.in/,nmdc-limited,NMDC Limited,https://www.nmdc.co.in/,100
Rotomaker Studio,https://rotomaker.com/,rotomaker-studio,Rotomaker Studio,https://rotomaker.com/,100
Cloud4C Services,https://cloud4c.com/,cloud4c-services,Cloud4C Services,https://cloud4c.com/,100
Vishwa Samudra Engineering,https://vishwasamudra.in/,vishwa-samudra-engineering,Vishwa Samudra Engineering,https://vishwasamudra.in/,100
Tanla Platforms,https://www.tanla.com/,tanla-platforms,Tanla Platforms,https://www.tanla.com/,100
Exploring Infinities,https://expinfi.com/,exploring-infinities,Exploring Infinities,https://expinfi.com/,100
Amara Raja Infra,https://www.amararaja.com/,amara-raja-infra,Amara Raja Infra,https://www.amararaja.com/,100
Heritage Foods,https://www.heritagefoods.in/,heritage-foods,Heritage Foods,https://www.heritagefoods.in/,100
Woxsen University,https://woxsen.edu.in/,woxsen-university,Woxsen University,https://woxsen.edu.in/,100
TV9,https://www.tv9.com/,tv9,TV9,https://www.tv9.com/,100
Aaseya IT Services,https://aaseya.com/,aaseya-it-services,Aaseya IT Services,https://aaseya.com/,100
Welspun Flooring,https://www.welspun.com/,welspun-flooring,Welspun Flooring,https://www.welspun.com/,100
MosChip,https://moschip.com/,moschip,MosChip,https://moschip.com/,100
PPS Motors,https://ppsmotors.in/,pps-motors,PPS Motors,https://ppsmotors.in/,100
Electronics Corporation of India Limited,https://www.ecil.co.in/,electronics-corporation-of-india-limited,Electronics Corporation of India Limited,https://www.ecil.co.in/,100
Aparna Constructions and Estates,https://www.aparnaconstructions.com/,aparna-constructions-and-estates,Aparna Constructions and Estates,https://www.aparnaconstructions.com/,100
ICRISAT,https://www.icrisat.org/,icrisat,ICRISAT,https://www.icrisat.org/,100
TalentSprint,https://talentsprint.com/,talentsprint,TalentSprint,https://talentsprint.com/,100
JK Agri Genetics,https://jkagri.com/,jk-agri-genetics,JK Agri Genetics,https://jkagri.com/,100
Pharma Wisdom Jobs,https://pharmawisdom.co.in/,pharma-wisdom-jobs,Pharma Wisdom Jobs,https://pharmawisdom.co.in/,100
Ankura Hospital,https://ankurahospital.com/,ankura-hospital,Ankura Hospital,https://ankurahospital.com/,100
GUS Education India,https://guseducationindia.com/,gus-education-india,GUS Education India,https://guseducationindia.com/,100
Focus Softnet,https://focussoftnet.com/,focus-softnet,Focus Softnet,https://focussoftnet.com/,100
Apollo 24|7,https://www.apollo247.com/,apollo-247,Apollo 24|7,https://www.apollo247.com/,100
JNTUH College of Engineering Hyderabad,https://jntuhceh.ac.in/,jntuh-college-of-engineering-hyderabad,JNTUH College of Engineering Hyderabad,https://jntuhceh.ac.in/,100
Soctronics,https://soctronics.com/,soctronics,Soctronics,https://soctronics.com/,100
Dukes India,https://dukesindia.com/,dukes-india,Dukes India,https://dukesindia.com/,100
Jocata,https://jocata.com/,jocata,Jocata,https://jocata.com/,100
TriGeo Technologies,https://trigeo.net/,trigeo-technologies,TriGeo Technologies,https://trigeo.net/,100
FHPL,https://fhpl.net/,fhpl,FHPL,https://fhpl.net/,100
Merilytics,https://merilytics.com/,merilytics,Merilytics,https://merilytics.com/,100
foundit,https://www.foundit.in/,foundit,foundit,https://www.foundit.in/,100
Absolute Barbecues,https://absolute-barbecue.com/,absolute-barbecues,Absolute Barbecues,https://absolute-barbecue.com/,100
HRH NEXT SERVICES,https://hrhnext.com/,hrh-next-services,HRH NEXT SERVICES,https://hrhnext.com/,100
Innomatics Research Labs,https://innomatics.in/,innomatics-research-labs,Innomatics Research Labs,https://innomatics.in/,100
Gangavaram Port,https://gangavaram.com/,gangavaram-port,Gangavaram Port,https://gangavaram.com/,100
GMR Aero Technic,https://gmraerotech.in/,gmr-aero-technic,GMR Aero Technic,https://gmraerotech.in/,100
BBG,https://bbgindia.com/,bbg,BBG,https://bbgindia.com/,100
Mahindra University,https://www.mahindrauniversity.edu.in/,mahindra-university,Mahindra University,https://www.mahindrauniversity.edu.in/,100
Fractal Enterprises,https://fractalenterprises.in/,fractal-enterprises,Fractal Enterprises,https://fractalenterprises.in/,100
Rain Industries,https://www.rain-industries.com/,rain-industries,Rain Industries,https://www.rain-industries.com/,100
Telebu Communications,https://telebu.com/,telebu-communications,Telebu Communications,https://telebu.com/,100
CODTECH IT SOLUTIONS,https://codtechitsolutions.com/,codtech-it-solutions,CODTECH IT SOLUTIONS,https://codtechitsolutions.com/,100
VSoft Technologies,https://vsoft.co.in/,vsoft-technologies,VSoft Technologies,https://vsoft.co.in/,100
ICMR-National Institute of Nutrition,https://www.nin.res.in/,icmr-national-institute-of-nutrition,ICMR-National Institute of Nutrition,https://www.nin.res.in/,100
GMR Hyderabad International Airport,https://www.hyderabad.aero/,gmr-hyderabad-international-airport,GMR Hyderabad International Airport,https://www.hyderabad.aero/,100
Vivimed Labs,https://vivimedlabs.com/,vivimed-labs,Vivimed Labs,https://vivimedlabs.com/,100
Celon Labs,https://celonlabs.com/,celon-labs,Celon Labs,https://celonlabs.com/,100
Biophore India Pharmaceuticals,https://biophore.com/,biophore-india-pharmaceuticals,Biophore India Pharmaceuticals,https://biophore.com/,100
Shriram Bioseed Genetics,https://bioseed.com/,shriram-bioseed-genetics,Shriram Bioseed Genetics,https://bioseed.com/,100
PalTech,https://pal.tech/,paltech,PalTech,https://paltech.com,100
Way2News,https://way2news.co/,way2news-b2,Way2News,https://way2news.com,100
Enmovil,https://enmovil.com/,enmovil-b2,Enmovil,https://enmovil.net,100
SpadeWorks,https://spadeworks.com/,spadeworks-b2,SpadeWorks,https://spadeworks.co,100
Deccan AI,https://deccanai.com/,deccan-ai-b2,Deccan AI,https://deccan.ai,100
Hesa,https://www.hesaglobal.com/,hesa-b2,Hesa,https://hesa.co,100
Mivi,https://www.mivi.in/,mivi,Mivi,https://www.mivi.in/,100
Donatekart,https://www.donatekart.com/,donatekart,Donatekart,https://www.donatekart.com/,100
Ozonetel,https://ozonetel.com/,ozonetel,Ozonetel,https://ozonetel.com/,100
DoctorC,https://doctorc.com/,doctorc,DoctorC,https://doctorc.com/,100
Eunimart,https://www.eunimart.com/,eunimart,Eunimart,https://www.eunimart.com/,100
NowPurchase,https://www.nowpurchase.com/,nowpurchase,NowPurchase,https://www.nowpurchase.com/,100
GrabOn,https://www.grabon.in/,grabon,GrabOn,https://www.grabon.in/,100
FretBox,https://fretbox.in/,fretbox,FretBox,https://fretbox.in/,100
Svaya Robotics,https://www.svayarobotics.com/,svaya-robotics,Svaya Robotics,https://www.svayarobotics.com/,100
Doosra,https://doosra.com/,doosra,Doosra,https://doosra.com/,100
Hugosave,https://hugosave.com/,hugosave,Hugosave,https://hugosave.com/,100
Tartan,https://www.tartanapp.com/,tartan,Tartan,https://www.tartanapp.com/,100
Hubble,https://www.hubble.money/,hubble,Hubble,https://www.hubble.money/,100
Hirex.ai,https://hirex.ai/,hirexai,Hirex.ai,https://hirex.ai/,100
CareStack,https://carestack.com/,carestack,CareStack,https://carestack.com/,100
Clinikk,https://clinikk.com/,clinikk,Clinikk,https://clinikk.com/,100
LifeCell,https://www.lifecell.in/,lifecell,LifeCell,https://www.lifecell.in/,100
FreshToHome,https://www.freshtohome.com/,freshtohome,FreshToHome,https://www.freshtohome.com/,100
Vahdam,https://www.vahdamteas.com/,vahdam,Vahdam,https://www.vahdamteas.com/,100
MyGate,https://mygate.com/,mygate,MyGate,https://mygate.com/,100
HomeLane,https://www.homelane.com/,homelane,HomeLane,https://www.homelane.com/,100
NoBroker,https://www.nobroker.in/,nobroker,NoBroker,https://www.nobroker.in/,100
Teachmint,https://www.teachmint.com/,teachmint,Teachmint,https://www.teachmint.com/,100
WE Hub,https://wehub.telangana.gov.in/,we-hub,WE Hub,https://wehub.telangana.gov.in/,100
RICH,https://rich.telangana.gov.in/,rich,RICH,https://rich.telangana.gov.in/,100
Ananth Technologies,https://ananthtech.com/,ananth-technologies,Ananth Technologies,https://ananthtech.com/,100
Astra Microwave Products,https://www.astramwp.com/,astra-microwave-products,Astra Microwave Products,https://www.astramwp.com/,100
MTAR Technologies,https://mtar.in/,mtar-technologies,MTAR Technologies,https://mtar.in/,100
Indian Immunologicals,https://www.indimmune.com/,indian-immunologicals,Indian Immunologicals,https://www.indimmune.com/,100
Aurobindo Pharma,https://www.aurobindo.com/,aurobindo-pharma,Aurobindo Pharma,https://www.aurobindo.com/,100
Sai Life Sciences,https://www.sailife.com/,sai-life-sciences,Sai Life Sciences,https://www.sailife.com/,100
Granules India,https://granulesindia.com/,granules-india,Granules India,https://granulesindia.com/,100
Gland Pharma,https://glandpharma.com/,gland-pharma,Gland Pharma,https://glandpharma.com/,100
Natco Pharma,https://www.natcopharma.co.in/,natco-pharma,Natco Pharma,https://www.natcopharma.co.in/,100
Yashoda Hospitals,https://www.yashodahospitals.com/,yashoda-hospitals,Yashoda Hospitals,https://www.yashodahospitals.com/,100
CARE Hospitals,https://www.carehospitals.com/,care-hospitals,CARE Hospitals,https://www.carehospitals.com/,100
KIMS Hospitals,https://www.kimshospitals.com/,kims-hospitals,KIMS Hospitals,https://www.kimshospitals.com/,100
Virinchi Hospitals,https://www.virinchihospitals.com/,virinchi-hospitals,Virinchi Hospitals,https://www.virinchihospitals.com/,100
Yellow.ai,https://yellow.ai/,yellowai,Yellow.ai,https://yellow.ai/,100
Phenom,https://www.phenom.com/,phenom,Phenom,https://www.phenom.com/,100
Innominds,https://www.innominds.com/,innominds,Innominds,https://www.innominds.com/,100
Sahaj Software,https://www.sahajsoft.com/,sahaj-software,Sahaj Software,https://www.sahajsoft.com/,100
Cloud4C,https://www.cloud4c.com/,cloud4c,Cloud4C,https://www.cloud4c.com/,100
Cigniti,https://www.cigniti.com/,cigniti,Cigniti,https://www.cigniti.com/,100
ECIL,https://www.ecil.co.in/,ecil,ECIL,https://www.ecil.co.in/,100
MIDHANI,https://midhani-india.in/,midhani,MIDHANI,https://midhani-india.in/,100
Amara Raja Energy and Mobility,https://www.amararaja.com/,amara-raja-energy-and-mobility,Amara Raja Energy and Mobility,https://www.amararaja.com/,100
TiE Hyderabad,https://tiehyderabad.org/,tie-hyderabad,TiE Hyderabad,https://tiehyderabad.org/,100
HYSEA,https://hysea.in/,hysea,HYSEA,https://hysea.in/,100
Happi Mobiles,https://happimobiles.com,happi-mobiles,Happi Mobiles,https://happimobiles.com,100
Neeman&#x27;s,https://neemans.com,neemans,Neeman's,https://neemans.com,95
Oliva Skin &amp; Hair Clinic,https://olivaclinic.com,oliva-skin-and-hair-clinic,Oliva Skin & Hair Clinic,https://olivaclinic.com,95
Rainbow Children&#x27;s Hospital,https://rainbowhospitals.in,rainbow-hospitals,Rainbow Children's Hospital,https://rainbowhospitals.in,95
Sid&#x27;s Farm,https://sidsfarm.com,sids-farm,Sid's Farm,https://sidsfarm.com,95
Alvarez &amp; Marsal,https://www.alvarezandmarsal.com,alvarezandmarsal-com,Alvarez & Marsal,https://www.alvarezandmarsal.com,95
Bain &amp; Company,https://www.bain.com,bain-com,Bain & Company,https://www.bain.com,95
Larsen &amp; Toubro,https://www.larsentoubro.com,larsentoubro,Larsen & Toubro,https://www.larsentoubro.com,95
L&amp;T Finance,https://www.ltfs.com,ltfs-com,L&T Finance,https://www.ltfs.com,95
