id,name,website,industry,area,careers_url,job_title,job_category,salary_range,experience_level
highperformr-ai,"HighPerformr AI",https://highperformr.ai,"AI & Machine Learning","Knowledge City / T-Hub",https://highperformr.ai/careers,,,,
mapmygenome,"MapmyGenome",https://mapmygenome.in,"HealthTech & BioTech","Madhapur",https://mapmygenome.in/careers,,,,
oneimpression,"OneImpression",https://oneimpression.ai,"E-Commerce & Consumer","Madhapur",https://oneimpression.ai/careers,,,,
blinkit-hyd,"Blinkit (Hyderabad Hub)",https://blinkit.com,"E-Commerce & Consumer","Financial District",https://blinkit.com/careers,,,,
aadyainfotechs,"Aadya Infotechs",https://aadyainfotechs.com,"SaaS & Enterprise","Begumpet",https://aadyainfotechs.com/careers,,,,
adonmo,"AdOnMo",https://adonmo.com,"E-Commerce & Consumer","Gachibowli",https://adonmo.com/careers,,,,
adya-ai,"Adya.ai",https://adya.ai,"AI & Machine Learning","Begumpet",https://adya.ai/careers,,,,
aganitha,"Aganitha AI",https://aganitha.ai,"HealthTech & BioTech","Gachibowli",https://aganitha.ai/careers,,,,
algohire-ai,"AlgoHire",https://algohire.ai,"SaaS & Enterprise","Madhapur",https://algohire.ai/careers,,,,
alpine-intellect,"Alpine Intellect",https://thealpinecode.com,"AI & Machine Learning","Gachibowli",https://thealpinecode.com/careers,,,,
antariksh-technology-ventures,"Antariksh Technology Ventures",https://antarikshtech.com,"DeepTech & Aerospace","HITEC City",https://antarikshtech.com/careers,,,,
apollo-micro-systems,"Apollo Micro Systems",https://apollo-micro.com,"AI & Machine Learning","HITEC City",https://apollo-micro.com/careers,,,,
aragen-life-sciences,"Aragen Life Sciences",https://aragen.com,"HealthTech & BioTech","HITEC City",https://aragen.com/careers,,,,
archanainfosolutions,"Archana Infosolutions",https://archanainfosolutions.com,"SaaS & Enterprise","Begumpet",https://archanainfosolutions.com/careers,,,,
arkle-energy,"Arkle Energy",https://arkleenergy.com,"CleanTech & EV","Gachibowli",https://arkleenergy.com/careers,,,,
artus-ai,"Artus AI",https://artusai.co,"AI & Machine Learning","Knowledge City / T-Hub",https://artusai.co/careers,,,,
asbl,"ASBL",https://asbl.in,"E-Commerce & Consumer","Gachibowli",https://asbl.in/careers,,,,
asset-telematics,"Asset Telematics",https://assettelematics.com,"SaaS & Enterprise","Gachibowli",https://assettelematics.com/careers,,,,
aurita-bikes,"Aurita Bikes",https://auritabikes.com,"CleanTech & EV","Knowledge City / T-Hub",https://auritabikes.com/careers,,,,
autocracy-machinery,"Autocracy Machinery",https://autocracymachinery.com,"DeepTech & Aerospace","HITEC City",https://autocracymachinery.com/careers,,,,
banyan-nation,"Banyan Nation",https://banyannation.com,"CleanTech & EV","Gachibowli",https://banyannation.com/careers,,,,
barelogics,"BareLogics",https://barelogics.com,"SaaS & Enterprise","Financial District",https://barelogics.com/careers,,,,
bespoke-ai-stylist,"BeSpoke AI Stylist",https://bespokeaistylist.com,"AI & Machine Learning","Madhapur",https://bespokeaistylist.com/careers,,,,
betalectic,"Betalectic",https://betalectic.com,"SaaS & Enterprise","Madhapur",https://betalectic.com/careers,,,,
beyondtech,"BeyondTech",https://beyondtech.in,"SaaS & Enterprise","Kondapur",https://beyondtech.in/careers,,,,
bhanzu,"Bhanzu",https://bhanzu.com,"EdTech","HITEC City",https://bhanzu.com/careers,,,,
bharat-biotech,"Bharat Biotech",https://bharatbiotech.com,"HealthTech & BioTech","HITEC City",https://bharatbiotech.com/careers,,,,
bioreform,"BioReform",https://bioreform.in,"CleanTech & EV","Knowledge City / T-Hub",https://bioreform.in/careers,,,,
blinkit,"Blinkit",https://blinkit.com,"E-Commerce & Consumer","Financial District",https://blinkit.com/careers,,,,
bluecopa,"Bluecopa",https://bluecopa.com,"SaaS & Enterprise","Knowledge City / T-Hub",https://bluecopa.com/careers,,,,
bluj-aero,"BluJ Aero",https://blujaero.com,"CleanTech & EV","HITEC City",https://blujaero.com/careers,,,,
botanic-healthcare,"Botanic Healthcare",https://botanichealthcare.net,"HealthTech & BioTech","HITEC City",https://botanichealthcare.net/careers,,,,
brightchamps,"BrightCHAMPS",https://brightchamps.com,"EdTech","Financial District",https://brightchamps.com/careers,,,,
bsitsoftware,"BSIT Software",https://bsitsoftware.com,"SaaS & Enterprise","Begumpet",https://bsitsoftware.com/careers,,,,
buildwright,"Buildwright",https://buildwright.ai,"AI & Machine Learning","HITEC City",https://buildwright.ai/careers,,,,
callhealth,"CallHealth",https://callhealth.com,"HealthTech & BioTech","Jubilee Hills",https://callhealth.com/careers,,,,
chitmonks,"ChitMonks",https://chitmonks.com,"FinTech & InsurTech","Gachibowli",https://chitmonks.com/careers,,,,
chrp-india,"CHRP-INDIA",https://chrp-india.com,"EdTech","Banjara Hills",https://chrp-india.com/careers,,,,
cognefi,"Cognefi",https://cognefi.com,"FinTech & InsurTech","Financial District",https://cognefi.com/careers,,,,
cognida-ai,"Cognida.ai",https://cognida.ai,"AI & Machine Learning","Gachibowli",https://cognida.ai/careers,,,,
cokarma,"CoKarma",https://cokarma.in,"E-Commerce & Consumer","HITEC City",https://cokarma.in/careers,,,,
coschool,"Coschool",https://coschool.ai,"EdTech","Jubilee Hills",https://coschool.ai/careers,,,,
cosmoserve-space,"Cosmoserve Space",https://cosmoserve.space,"DeepTech & Aerospace","Knowledge City / T-Hub",https://cosmoserve.space/careers,,,,
country-delight,"Country Delight",https://countrydelight.in,"E-Commerce & Consumer","HITEC City",https://countrydelight.in/careers,,,,
cox-quality-technology-solutions,"COX Quality Technology Solutions",https://coxquality.com,"SaaS & Enterprise","Madhapur",https://coxquality.com/careers,,,,
credright,"CredRight",https://credright.com,"FinTech & InsurTech","Gachibowli",https://credright.com/careers,,,,
cricclubs,"CricClubs",https://cricclubs.com,"SaaS & Enterprise","Knowledge City / T-Hub",https://cricclubs.com/careers,,,,
crux-it-consulting-services,"Crux IT Consulting Services",https://cruxit.in,"EdTech","HITEC City",https://cruxit.in/careers,,,,
ctrls-datacenters,"CtrlS Datacenters",https://ctrls.com,"SaaS & Enterprise","Madhapur",https://ctrls.com/careers,,,,
cultnerds,"Cultnerds",https://cultnerds.com,"SaaS & Enterprise","Jubilee Hills",https://cultnerds.com/careers,,,,
cusmat-technologies,"Cusmat Technologies",https://cusmat.com,"SaaS & Enterprise","HITEC City",https://cusmat.com/careers,,,,
darwinbox,"Darwinbox",https://darwinbox.com,"SaaS & Enterprise","HITEC City",https://darwinbox.com/careers,,,,
deccan-ai,"Deccan AI",https://deccan.ai,"AI & Machine Learning","Knowledge City / T-Hub",https://deccan.ai/careers,,,,
dhruva-space,"Dhruva Space",https://dhruvaspace.com,"DeepTech & Aerospace","Financial District",https://dhruvaspace.com/careers,,,,
diabetomics,"DiabetOmics",https://diabetomics.com,"HealthTech & BioTech","HITEC City",https://diabetomics.com/careers,,,,
digi-prex,"Digi-Prex",https://digi-prex.com,"HealthTech & BioTech","Banjara Hills",https://digi-prex.com/careers,,,,
docturnal,"Docturnal",https://docturnal.com,"HealthTech & BioTech","Begumpet",https://docturnal.com/careers,,,,
dodla-dairy,"Dodla Dairy",https://dodladairy.com,"E-Commerce & Consumer","Jubilee Hills",https://dodladairy.com/careers,,,,
domimart,"Domimart",https://domimart.in,"E-Commerce & Consumer","HITEC City",https://domimart.in/careers,,,,
dozee,"Dozee",https://dozee.health,"HealthTech & BioTech","HITEC City",https://dozee.health/careers,,,,
edutor-technologies,"Edutor Technologies",https://ignitorlearning.com,"EdTech","Madhapur",https://ignitorlearning.com/careers,,,,
ekincare,"Ekincare",https://ekincare.com,"HealthTech & BioTech","HITEC City",https://ekincare.com/careers,,,,
enaayah,"Enaayah",https://enaayah.com,"E-Commerce & Consumer","Jubilee Hills",https://enaayah.com/careers,,,,
engine-biosciences,"Engine Biosciences",https://enginebio.com,"HealthTech & BioTech","HITEC City",https://enginebio.com/careers,,,,
enmovil,"Enmovil",https://enmovil.net,"SaaS & Enterprise","Gachibowli",https://enmovil.net/careers,,,,
entersoftsecurity,"Entersoft Security",https://entersoftsecurity.com,"AI & Machine Learning","HITEC City",https://entersoftsecurity.com/careers,,,,
equal-identity,"Equal",https://equal.in,"FinTech & InsurTech","Madhapur",https://equal.in/careers,,,,
esktec,"Esktec",https://esktec.com,"AI & Machine Learning","Kondapur",https://esktec.com/careers,,,,
eunoia-innovations,"Eunoia Innovations",https://eunoiainnovations.com,"CleanTech & EV","Begumpet",https://eunoiainnovations.com/careers,,,,
evolgence,"Evolgence",https://evolgence.com,"SaaS & Enterprise","HITEC City",https://evolgence.com/careers,,,,
evolv28,"Evolv28",https://evolv28.com,"HealthTech & BioTech","Knowledge City / T-Hub",https://evolv28.com/careers,,,,
eyva,"Eyva",https://eyva.io,"HealthTech & BioTech","Gachibowli",https://eyva.io/careers,,,,
flashoot,"Flashoot",https://flashoot.com,"E-Commerce & Consumer","HITEC City",https://flashoot.com/careers,,,,
flyingcaps-technologies,"FlyingCaps Technologies",https://flyingcaps.com,"E-Commerce & Consumer","Madhapur",https://flyingcaps.com/careers,,,,
fourth-partner-energy,"Fourth Partner Energy",https://fourthpartner.co,"CleanTech & EV","Begumpet",https://fourthpartner.co/careers,,,,
frejun,"FreJun",https://frejun.com,"SaaS & Enterprise","Gachibowli",https://frejun.com/careers,,,,
freyr-energy,"Freyr Energy",https://freyrenergy.com,"CleanTech & EV","Banjara Hills",https://freyrenergy.com/careers,,,,
frontlines-edutech,"Frontlines EduTech (FLM)",https://frontlinesedutech.com,"EdTech","Jubilee Hills",https://frontlinesedutech.com/careers,,,,
gayam-motor-works,"Gayam Motor Works (GMW)",https://gayammotorworks.com,"CleanTech & EV","Gachibowli",https://gayammotorworks.com/careers,,,,
geosilicon,"GeoSilicon",https://geosilicon.com,"AI & Machine Learning","Financial District",https://geosilicon.com/careers,,,,
geovista,"GeoVista",https://geovista.in,"SaaS & Enterprise","Jubilee Hills",https://geovista.in/careers,,,,
getto-india,"Getto India",https://getto-india.com,"E-Commerce & Consumer","Gachibowli",https://getto-india.com/careers,,,,
glounitech,"glouniTech",https://glounitech.com,"SaaS & Enterprise","Gachibowli",https://glounitech.com/careers,,,,
gradious-technologies,"Gradious Technologies",https://gradious.com,"EdTech","Madhapur",https://gradious.com/careers,,,,
greenkogroup,"Greenko Group",https://greenkogroup.com,"CleanTech & EV","Madhapur",https://greenkogroup.com/careers,,,,
grene-robotics,"Grene Robotics",https://grenerobotics.com,"AI & Machine Learning","Jubilee Hills",https://grenerobotics.com/careers,,,,
gritty-tech,"Gritty Tech",https://grittytech.com,"SaaS & Enterprise","Madhapur",https://grittytech.com/careers,,,,
hala-mobility,"Hala Mobility",https://halamobility.in,"CleanTech & EV","Financial District",https://halamobility.in/careers,,,,
harvested-robotics,"Harvested Robotics",https://harvestedrobotics.com,"AgriTech & FoodTech","Knowledge City / T-Hub",https://harvestedrobotics.com/careers,,,,
hatchingapps,"HatchingApps",https://hatchingapps.com,"SaaS & Enterprise","Kondapur",https://hatchingapps.com/careers,,,,
healthsignz,"HealthSignz",https://healthsignz.net,"HealthTech & BioTech","Gachibowli",https://healthsignz.net/careers,,,,
helex,"Helex",https://helex.in,"HealthTech & BioTech","HITEC City",https://helex.in/careers,,,,
hesa,"Hesa",https://hesa.co,"AgriTech & FoodTech","HITEC City",https://hesa.co/careers,,,,
hierarchsoft,"Hierarchsoft",https://hierarchsoft.com,"SaaS & Enterprise","Begumpet",https://hierarchsoft.com/careers,,,,
highradius,"HighRadius",https://highradius.com,"SaaS & Enterprise","Madhapur",https://highradius.com/careers,,,,
hitwicket,"Hitwicket",https://hitwicket.com,"E-Commerce & Consumer","HITEC City",https://hitwicket.com/careers,,,,
homeground,"HomeGround",https://homegroundapp.com,"AI & Machine Learning","Financial District",https://homegroundapp.com/careers,,,,
hylenr,"HYLENR",https://hylenr.com,"CleanTech & EV","Gachibowli",https://hylenr.com/careers,,,,
imimobile,"IMImobile",https://imimobile.com,"SaaS & Enterprise","Madhapur",https://imimobile.com/careers,,,,
incnut-digital,"IncNut Digital",https://incnut.com,"E-Commerce & Consumer","Kondapur",https://incnut.com/careers,,,,
indian-eagle,"Indian Eagle",https://indianeagle.com,"E-Commerce & Consumer","Banjara Hills",https://indianeagle.com/careers,,,,
infinity-learn,"Infinity Learn",https://infinitylearn.com,"EdTech","Madhapur",https://infinitylearn.com/careers,,,,
infinity-square-digital-marketing-services,"Infinity Square Digital Marketing Services",https://infinitysquaredigitalmarketing.com,"SaaS & Enterprise","Uppal & East",https://infinitysquaredigitalmarketing.com/careers,,,,
inkprog-technologies,"INKPROG Technologies",https://inkprog.com,"SaaS & Enterprise","HITEC City",https://inkprog.com/careers,,,,
inncircles,"Inncircles",https://inncircles.com,"E-Commerce & Consumer","Gachibowli",https://inncircles.com/careers,,,,
insurge-ai,"Insurge AI",https://insurgeai.com,"AI & Machine Learning","Madhapur",https://insurgeai.com/careers,,,,
isthara,"Isthara",https://isthara.com,"E-Commerce & Consumer","Kondapur",https://isthara.com/careers,,,,
jeh-aerospace,"Jeh Aerospace",https://jeh.aero,"DeepTech & Aerospace","Financial District",https://jeh.aero/careers,,,,
jobiak,"Jobiak",https://jobiak.ai,"SaaS & Enterprise","Madhapur",https://jobiak.ai/careers,,,,
kalgudi,"Kalgudi",https://kalgudi.com,"AgriTech & FoodTech","Madhapur",https://kalgudi.com/careers,,,,
kanerika,"Kanerika",https://kanerika.com,"AI & Machine Learning","HITEC City",https://kanerika.com/careers,,,,
kdrsoftsolutions,"KDR Soft Solutions",https://kdrsoftsolutions.com,"SaaS & Enterprise","Begumpet",https://kdrsoftsolutions.com/careers,,,,
keka-hr,"Keka HR",https://keka.com,"SaaS & Enterprise","Madhapur",https://keka.com/careers,,,,
kfin-technologies,"KFin Technologies",https://kfintech.com,"FinTech & InsurTech","Financial District",https://kfintech.com/careers,,,,
kisanwala,"Kisanwala",https://kisanwala.com,"AgriTech & FoodTech","Gachibowli",https://kisanwala.com/careers,,,,
klee-technologies,"Klee Technologies",https://kleetech.com,"SaaS & Enterprise","HITEC City",https://kleetech.com/careers,,,,
kodertroop,"KoderTroop",https://kodertroop.com,"SaaS & Enterprise","Madhapur",https://kodertroop.com/careers,,,,
kraionyx,"Kraionyx",https://kraionyx.com,"SaaS & Enterprise","Madhapur",https://kraionyx.com/careers,,,,
kritsnam,"Kritsnam Technologies",https://kritsnam.com,"CleanTech & EV","HITEC City",https://kritsnam.com/careers,,,,
laalsa,"Laalsa",https://laalsa.com,"AgriTech & FoodTech","Banjara Hills",https://laalsa.com/careers,,,,
landeed,"Landeed",https://landeed.com,"E-Commerce & Consumer","HITEC City",https://landeed.com/careers,,,,
landlens,"Landlens",https://landlens.co,"AI & Machine Learning","Knowledge City / T-Hub",https://landlens.co/careers,,,,
leap-india-food-and-logistics,"Leap India Food and Logistics",https://leapifl.com,"SaaS & Enterprise","Jubilee Hills",https://leapifl.com/careers,,,,
liquidnitro-games,"Liquidnitro Games",https://liquidnitro.games,"E-Commerce & Consumer","Gachibowli",https://liquidnitro.games/careers,,,,
litemed,"Litemed",https://litemed.co.in,"HealthTech & BioTech","HITEC City",https://litemed.co.in/careers,,,,
livo-ai,"Livo.ai",https://livo.ai,"HealthTech & BioTech","Madhapur",https://livo.ai/careers,,,,
logy-ai,"Logy.AI",https://logy.ai,"AI & Machine Learning","Gachibowli",https://logy.ai/careers,,,,
mahaveersoftsolutions,"Mahaveer Soft Solutions",https://mahaveersoft.com,"SaaS & Enterprise","Begumpet",https://mahaveersoft.com/careers,,,,
makers-hive,"Makers Hive",https://makershive.io,"AI & Machine Learning","HITEC City",https://makershive.io/careers,,,,
marut-drones,"Marut Drones",https://marutdrones.com,"AI & Machine Learning","Madhapur",https://marutdrones.com/careers,,,,
material-depot,"Material Depot",https://materialdepot.in,"E-Commerce & Consumer","Madhapur",https://materialdepot.in/careers,,,,
medtotes,"Medtotes",https://medtotes.com,"HealthTech & BioTech","Uppal & East",https://medtotes.com/careers,,,,
metapointer,"metapointer",https://metapointer.com,"SaaS & Enterprise","Kondapur",https://metapointer.com/careers,,,,
monamit,"MonaMIT",https://monamit.com,"SaaS & Enterprise","HITEC City",https://monamit.com/careers,,,,
monitra-healthcare,"Monitra Healthcare",https://monitrahealth.com,"HealthTech & BioTech","Begumpet",https://monitrahealth.com/careers,,,,
monopolyit,"Monopoly IT",https://monopolyit.com,"SaaS & Enterprise","Madhapur",https://monopolyit.com/careers,,,,
montaigne-smart-business-solutions,"Montaigne Smart Business Solutions",https://montaigne.co,"SaaS & Enterprise","Madhapur",https://montaigne.co/careers,,,,
msnwtech,"MSNW Tech",https://msnwtech.com,"SaaS & Enterprise","Begumpet",https://msnwtech.com/careers,,,,
mtouchlabs,"mTouch Labs",https://mtouchlabs.com,"SaaS & Enterprise","Madhapur",https://mtouchlabs.com/careers,,,,
multiplier-ai,"Multiplier AI",https://multiplierai.co,"AI & Machine Learning","Madhapur",https://multiplierai.co/careers,,,,
myelin-foundry,"Myelin Foundry",https://myelinfoundry.ai,"AI & Machine Learning","Gachibowli",https://myelinfoundry.ai/careers,,,,
neemans,"Neeman's",https://neemans.com,"E-Commerce & Consumer","HITEC City",https://neemans.com/careers,,,,
neemii,"NEEMII",https://neemii.com,"E-Commerce & Consumer","Jubilee Hills",https://neemii.com/careers,,,,
nephroplus,"NephroPlus",https://nephroplus.com,"HealthTech & BioTech","Banjara Hills",https://nephroplus.com/careers,,,,
nexoraa,"Nexoraa",https://nexoraa.com,"SaaS & Enterprise","HITEC City",https://nexoraa.com/careers,,,,
nowfloats,"NowFloats",https://nowfloats.com,"SaaS & Enterprise","Jubilee Hills",https://nowfloats.com/careers,,,,
nucon-aerospace,"Nucon Aerospace",https://nuconaerospace.com,"AI & Machine Learning","HITEC City",https://nuconaerospace.com/careers,,,,
nxtwave,"NxtWave (CCBP 4.0)",https://ccbp.in,"EdTech","Financial District",https://ccbp.in/careers,,,,
olectra-greentech,"Olectra Greentech",https://olectra.com,"AI & Machine Learning","HITEC City",https://olectra.com/careers,,,,
oliva-skin-and-hair-clinic,"Oliva Skin & Hair Clinic",https://olivaclinic.com,"HealthTech & BioTech","Begumpet",https://olivaclinic.com/careers,,,,
omni-hospitals,"Omni Hospitals",https://omnihospitals.in,"HealthTech & BioTech","Madhapur",https://omnihospitals.in/careers,,,,
onefitplus,"OneFitPlus (Cultsport)",https://cultsport.com,"E-Commerce & Consumer","HITEC City",https://cultsport.com/careers,,,,
onemoney,"OneMoney (Finsec AA)",https://onemoney.in,"FinTech & InsurTech","Knowledge City / T-Hub",https://onemoney.in/careers,,,,
onward-assist,"Onward Assist",https://onwardhealth.ai,"HealthTech & BioTech","Gachibowli",https://onwardhealth.ai/careers,,,,
opstech,"OpsTech",https://opstech.in,"SaaS & Enterprise","Gachibowli",https://opstech.in/careers,,,,
orangeshark,"OrangeShark",https://orangeshark.com,"SaaS & Enterprise","Gachibowli",https://orangeshark.com/careers,,,,
pavakah-energy,"Pavakah Energy",https://pavakahenergy.com,"SaaS & Enterprise","Uppal & East",https://pavakahenergy.com/careers,,,,
payzello,"PayZello",https://payzello.com,"FinTech & InsurTech","Gachibowli",https://payzello.com/careers,,,,
perceptyne,"Perceptyne",https://perceptyne.com,"AI & Machine Learning","Kondapur",https://perceptyne.com/careers,,,,
perspectai,"PerspectAI",https://perspect.ai,"AI & Machine Learning","Knowledge City / T-Hub",https://perspect.ai/careers,,,,
pi-datacenters,"Pi Datacenters",https://pidatacenters.com,"SaaS & Enterprise","Financial District",https://pidatacenters.com/careers,,,,
pipra-solutions,"pipra.solutions",https://pipra.solutions,"AI & Machine Learning","Madhapur",https://pipra.solutions/careers,,,,
pixelvide,"Pixelvide",https://pixelvide.com,"SaaS & Enterprise","HITEC City",https://pixelvide.com/careers,,,,
plane,"Plane",https://plane.so,"SaaS & Enterprise","HITEC City",https://plane.so/careers,,,,
portea-medical,"Portea Medical",https://portea.com,"HealthTech & BioTech","Banjara Hills",https://portea.com/careers,,,,
portl,"Portl",https://portl.co,"E-Commerce & Consumer","Jubilee Hills",https://portl.co/careers,,,,
pure-ev,"Pure EV",https://pureenergy.co.in,"CleanTech & EV","HITEC City",https://pureenergy.co.in/careers,,,,
purpletalk,"PurpleTalk",https://purpletalk.com,"SaaS & Enterprise","Kondapur",https://purpletalk.com/careers,,,,
qapilot,"QApilot",https://qapilot.ai,"AI & Machine Learning","HITEC City",https://qapilot.ai/careers,,,,
qualizeal,"QualiZeal",https://qualizeal.com,"SaaS & Enterprise","Madhapur",https://qualizeal.com/careers,,,,
quanteon-solutions,"Quanteon Solutions",https://quanteon.co,"AI & Machine Learning","Gachibowli",https://quanteon.co/careers,,,,
quantum-energy,"Quantum Energy",https://quantumenergy.in,"CleanTech & EV","Madhapur",https://quantumenergy.in/careers,,,,
qube,"Qube",https://qubecinema.com,"E-Commerce & Consumer","Jubilee Hills",https://qubecinema.com/careers,,,,
questbook,"Questbook",https://questbook.app,"SaaS & Enterprise","Kondapur",https://questbook.app/careers,,,,
quixy,"Quixy",https://quixy.com,"SaaS & Enterprise","Financial District",https://quixy.com/careers,,,,
raghu-vamsi-aerospace,"Raghu Vamsi Aerospace Group",https://raghuvamsi.com,"DeepTech & Aerospace","HITEC City",https://raghuvamsi.com/careers,,,,
rainbow-hospitals,"Rainbow Children's Hospital",https://rainbowhospitals.in,"HealthTech & BioTech","Banjara Hills",https://rainbowhospitals.in/careers,,,,
rationalknowledgeservices,"Rational Knowledge Services",https://rationalks.com,"SaaS & Enterprise","Begumpet",https://rationalks.com/careers,,,,
reclaim-protocol,"Reclaim Protocol",https://reclaimprotocol.org,"AI & Machine Learning","Kondapur",https://reclaimprotocol.org/careers,,,,
recykal,"Recykal",https://recykal.com,"CleanTech & EV","Gachibowli",https://recykal.com/careers,,,,
red-health,"RED.Health",https://red.health,"HealthTech & BioTech","Madhapur",https://red.health/careers,,,,
rentaid,"RentAid",https://rentaid.in,"E-Commerce & Consumer","Banjara Hills",https://rentaid.in/careers,,,,
sanaari,"Sanaari",https://sanaari.com,"SaaS & Enterprise","Begumpet",https://sanaari.com/careers,,,,
sanyark-space,"Sanyark Space Technologies",https://sanyark.com,"AI & Machine Learning","Kondapur",https://sanyark.com/careers,,,,
scale-jobs,"Scale.jobs",https://scale.jobs,"AI & Machine Learning","Kondapur",https://scale.jobs/careers,,,,
semex-ai,"Semex AI",https://t-hub.co,"AI & Machine Learning","Knowledge City / T-Hub",https://t-hub.co/careers,,,,
sense-health,"Sense Health Technologies",https://itic.iith.ac.in,"HealthTech & BioTech","HITEC City",https://itic.iith.ac.in/careers,,,,
protonx-seven-robotics,"Seven Robotics (ProtonX)",https://sevenrobotics.in,"AI & Machine Learning","Banjara Hills",https://sevenrobotics.in/careers,,,,
shoshin-tech,"Shoshin Tech",https://shoshin.tech,"EdTech","HITEC City",https://shoshin.tech/careers,,,,
sids-farm,"Sid's Farm",https://sidsfarm.com,"E-Commerce & Consumer","HITEC City",https://sidsfarm.com/careers,,,,
signalx-ai,"SignalX.ai",https://signalx.ai,"AI & Machine Learning","Knowledge City / T-Hub",https://signalx.ai/careers,,,,
signzy,"Signzy",https://signzy.com,"FinTech & InsurTech","Financial District",https://signzy.com/careers,,,,
silicon-business-solutions,"Silicon Business Solutions",https://siliconbiz.in,"SaaS & Enterprise","Begumpet",https://siliconbiz.in/careers,,,,
sind-technologies,"Sind Technologies",https://sindtechnologies.com,"SaaS & Enterprise","Madhapur",https://sindtechnologies.com/careers,,,,
sioniqerp,"Sioniq ERP",https://sioniqerp.com,"SaaS & Enterprise","Gachibowli",https://sioniqerp.com/careers,,,,
skyroot-aerospace,"Skyroot Aerospace",https://skyroot.in,"DeepTech & Aerospace","HITEC City",https://skyroot.in/careers,,,,
space-os,"Space OS",https://t-hub.co,"AI & Machine Learning","Knowledge City / T-Hub",https://t-hub.co/careers,,,,
spadeworks,"SpadeWorks",https://spadeworks.co,"AI & Machine Learning","Madhapur",https://spadeworks.co/careers,,,,
spicenet,"Spicenet",https://spicenet.in,"SaaS & Enterprise","Begumpet",https://spicenet.in/careers,,,,
sreeal,"SreeAL",https://sreeal.com,"AI & Machine Learning","Uppal & East",https://sreeal.com/careers,,,,
stag-innovations,"STAG Innovations",https://staginnovations.com,"AI & Machine Learning","Gachibowli",https://staginnovations.com/careers,,,,
startoon-labs,"Startoon Labs",https://startoonlabs.com,"HealthTech & BioTech","HITEC City",https://startoonlabs.com/careers,,,,
statwig,"StaTwig",https://statwig.com,"SaaS & Enterprise","Knowledge City / T-Hub",https://statwig.com/careers,,,,
stelx-dynamics,"StelX Dynamics",https://stelxdynamics.com,"AI & Machine Learning","Knowledge City / T-Hub",https://stelxdynamics.com/careers,,,,
storyvord,"Storyvord",https://storyvord.io,"AI & Machine Learning","Knowledge City / T-Hub",https://storyvord.io/careers,,,,
student-tribe,"Student Tribe",https://studenttribe.in,"EdTech","Madhapur",https://studenttribe.in/careers,,,,
subtl-ai,"Subtl.ai",https://subtl.ai,"AI & Machine Learning","Gachibowli",https://subtl.ai/careers,,,,
successmetric,"SuccessMetric",https://successmetric.in,"SaaS & Enterprise","Madhapur",https://successmetric.in/careers,,,,
swipe,"Swipe",https://getswipe.in,"FinTech & InsurTech","HITEC City",https://getswipe.in/careers,,,,
t-works,"T-Works",https://tworks.telangana.gov.in,"AI & Machine Learning","Knowledge City / T-Hub",https://tworks.telangana.gov.in/careers,,,,
takeme2space,"TakeMe2Space",https://tm2.space,"DeepTech & Aerospace","Financial District",https://tm2.space/careers,,,,
teamwa,"TeamWA",https://teamwa.com,"SaaS & Enterprise","Madhapur",https://teamwa.com/careers,,,,
tech-cloud-erp,"Tech Cloud ERP",https://techclouderp.com,"SaaS & Enterprise","Madhapur",https://techclouderp.com/careers,,,,
techbhp,"TechBHP",https://techbhp.com,"CleanTech & EV","Kondapur",https://techbhp.com/careers,,,,
techvedika,"TechVedika",https://techvedika.com,"AI & Machine Learning","Gachibowli",https://techvedika.com/careers,,,,
techzert,"TechZert",https://techzert.com,"SaaS & Enterprise","Gachibowli",https://techzert.com/careers,,,,
tenet-diagnostics,"Tenet Diagnostics",https://tenetmedcorp.com,"HealthTech & BioTech","Banjara Hills",https://tenetmedcorp.com/careers,,,,
tensorgo,"TensorGo",https://tensorgo.com,"AI & Machine Learning","HITEC City",https://tensorgo.com/careers,,,,
thecorpusgroup,"The Corpus Group",https://corpus.com,"E-Commerce & Consumer","Banjara Hills",https://corpus.com/careers,,,,
tiny-tactics,"Tiny Tactics",https://tinytactics.com,"E-Commerce & Consumer","HITEC City",https://tinytactics.com/careers,,,,
tohands,"Tohands",https://smart.tohands.in,"FinTech & InsurTech","Madhapur",https://smart.tohands.in/careers,,,,
track3d,"Track3D",https://track3d.ai,"AI & Machine Learning","HITEC City",https://track3d.ai/careers,,,,
tractrix-opto-dynamics,"Tractrix Opto Dynamics",https://tractrix.in,"AI & Machine Learning","HITEC City",https://tractrix.in/careers,,,,
trans-india,"Trans India",https://transin.in,"SaaS & Enterprise","Madhapur",https://transin.in/careers,,,,
tride-mobility,"TRiDE Mobility",https://tridemobility.com,"CleanTech & EV","Madhapur",https://tridemobility.com/careers,,,,
turbohire,"TurboHire",https://turbohire.co,"SaaS & Enterprise","Knowledge City / T-Hub",https://turbohire.co/careers,,,,
tutorac,"Tutorac",https://tutorac.com,"EdTech","HITEC City",https://tutorac.com/careers,,,,
tvisha,"TVISHA",https://tvisha.com,"SaaS & Enterprise","Madhapur",https://tvisha.com/careers,,,,
ublood,"uBlood",https://ublood.com,"HealthTech & BioTech","Madhapur",https://ublood.com/careers,,,,
unocareer-services,"UnoCareer",https://unocareer.com,"SaaS & Enterprise","Madhapur",https://unocareer.com/careers,,,,
urbankisaan,"UrbanKisaan",https://urbankisaan.com,"AgriTech & FoodTech","HITEC City",https://urbankisaan.com/careers,,,,
vaave,"Vaave",https://vaave.com,"EdTech","Uppal & East",https://vaave.com/careers,,,,
vahn,"Vahn",https://vahn.in,"SaaS & Enterprise","Knowledge City / T-Hub",https://vahn.in/careers,,,,
vasista,"Vasista",https://vasista.in,"AgriTech & FoodTech","Kondapur",https://vasista.in/careers,,,,
vectorform,"Vectorform",https://vectorform.com,"SaaS & Enterprise","Financial District",https://vectorform.com/careers,,,,
velotrax,"Velotrax",https://t-hub.co,"AI & Machine Learning","Knowledge City / T-Hub",https://t-hub.co/careers,,,,
vembi-technologies,"Vembi Technologies",https://vembi.in,"EdTech","HITEC City",https://vembi.in/careers,,,,
vivifi-india,"Vivifi India",https://vivifin.com,"FinTech & InsurTech","Knowledge City / T-Hub",https://vivifin.com/careers,,,,
vixspace,"Vixspace",https://vixspace.com,"AI & Machine Learning","Madhapur",https://vixspace.com/careers,,,,
vizen-life-sciences,"Vizen Life Sciences",https://vizenlifesciences.com,"HealthTech & BioTech","Gachibowli",https://vizenlifesciences.com/careers,,,,
vogo-automotive,"Vogo",https://vogo.in,"CleanTech & EV","Madhapur",https://vogo.in/careers,,,,
way2news,"Way2News",https://way2news.com,"E-Commerce & Consumer","Jubilee Hills",https://way2news.com/careers,,,,
web-era,"WEB ERA",https://webera.in,"SaaS & Enterprise","Begumpet",https://webera.in/careers,,,,
wehouse,"Wehouse",https://wehouse.in,"E-Commerce & Consumer","Banjara Hills",https://wehouse.in/careers,,,,
wexa-ai,"Wexa AI",https://wexa.ai,"AI & Machine Learning","HITEC City",https://wexa.ai/careers,,,,
windo,"Windo",https://getwindo.com,"SaaS & Enterprise","Kondapur",https://getwindo.com/careers,,,,
wisdomoverseas,"Wisdom Overseas",https://wisdomoverseas.com,"EdTech","Jubilee Hills",https://wisdomoverseas.com/careers,,,,
xdlinx-space-labs,"XDLINX Space Labs",https://xdlinx.space,"DeepTech & Aerospace","Madhapur",https://xdlinx.space/careers,,,,
xtremeict,"XtremeICT",https://xtremeict.com,"SaaS & Enterprise","Begumpet",https://xtremeict.com/careers,,,,
yapan-bio,"Yapan Bio",https://yapanbio.com,"HealthTech & BioTech","HITEC City",https://yapanbio.com/careers,,,,
zaggle,"Zaggle",https://zaggle.in,"FinTech & InsurTech","HITEC City",https://zaggle.in/careers,,,,
zebi,"Zebi",https://zebi.io,"AI & Machine Learning","Gachibowli",https://zebi.io/careers,,,,
zenoti,"Zenoti",https://zenoti.com,"SaaS & Enterprise","HITEC City",https://zenoti.com/careers,,,,
zenwork,"Zenwork",https://zenwork.com,"FinTech & InsurTech","Financial District",https://zenwork.com/careers,,,,
zettamine,"ZettaMine",https://zettamine.com,"SaaS & Enterprise","HITEC City",https://zettamine.com/careers,,,,
zodhya,"Zodhya",https://zodhyatech.com,"CleanTech & EV","Knowledge City / T-Hub",https://zodhyatech.com/careers,,,,
zomato,"Zomato",https://zomato.com,"AgriTech & FoodTech","Madhapur",https://zomato.com/careers,,,,
zuddl,"Zuddl",https://zuddl.com,"SaaS & Enterprise","Jubilee Hills",https://zuddl.com/careers,,,,
zype-digital,"Zype Digital",https://zypedigital.com,"SaaS & Enterprise","Begumpet",https://zypedigital.com/careers,,,,
zyppys,"Zyppys",https://zyppys.com,"CleanTech & EV","Gachibowli",https://zyppys.com/careers,,,,
verizon-com,"Verizon",https://www.verizon.com,"SaaS & Enterprise","Financial District",https://www.verizon.com/careers,,,,
ghx-com,"GHX",https://www.ghx.com,"HealthTech & BioTech","Knowledge City / T-Hub",https://www.ghx.com/careers,,,,
innovasolutions-com,"Innova Solutions",https://www.innovasolutions.com,"SaaS & Enterprise","HITEC City",https://www.innovasolutions.com/careers,,,,
renesas-com,"Renesas",https://www.renesas.com,"DeepTech & Aerospace","Gachibowli",https://www.renesas.com/careers,,,,
randstad-in,"Randstad",https://www.randstad.in,"SaaS & Enterprise","Begumpet",https://www.randstad.in/careers,,,,
wework-co-in,"WeWork",https://wework.co.in,"SaaS & Enterprise","Knowledge City / T-Hub",https://wework.co.in/careers,,,,
verisk-com,"Verisk",https://www.verisk.com,"FinTech & InsurTech","Financial District",https://www.verisk.com/careers,,,,
ust-com,"UST",https://www.ust.com,"SaaS & Enterprise","HITEC City",https://www.ust.com/careers,,,,
fujitsu-com,"Fujitsu",https://www.fujitsu.com,"SaaS & Enterprise","Gachibowli",https://www.fujitsu.com/careers,,,,
synchrony-com,"Synchrony",https://www.synchrony.com,"FinTech & InsurTech","HITEC City",https://www.synchrony.com/careers,,,,
pwc-in,"PwC",https://www.pwc.in,"SaaS & Enterprise","Knowledge City / T-Hub",https://www.pwc.in/careers,,,,
buzzworks-com,"Buzzworks",https://buzzworks.com,"SaaS & Enterprise","Madhapur",https://buzzworks.com/careers,,,,
itcinfotech-com,"ITC Infotech",https://www.itcinfotech.com,"SaaS & Enterprise","Begumpet",https://www.itcinfotech.com/careers,,,,
smartworksoffice-com,"Smartworks",https://www.smartworksoffice.com,"SaaS & Enterprise","Financial District",https://www.smartworksoffice.com/careers,,,,
cyient-com,"Cyient",https://www.cyient.com,"DeepTech & Aerospace","Gachibowli",https://www.cyient.com/careers,,,,
atos-net,"Atos",https://www.atos.net,"SaaS & Enterprise","HITEC City",https://www.atos.net/careers,,,,
artech-com,"Artech",https://www.artech.com,"SaaS & Enterprise","Begumpet",https://www.artech.com/careers,,,,
alvarezandmarsal-com,"Alvarez & Marsal",https://www.alvarezandmarsal.com,"SaaS & Enterprise","Knowledge City / T-Hub",https://www.alvarezandmarsal.com/careers,,,,
colliers-com,"Colliers",https://www.colliers.com,"SaaS & Enterprise","Knowledge City / T-Hub",https://www.colliers.com/careers,,,,
concentrix-com,"Concentrix",https://www.concentrix.com,"SaaS & Enterprise","Kondapur",https://www.concentrix.com/careers,,,,
bain-com,"Bain & Company",https://www.bain.com,"SaaS & Enterprise","Knowledge City / T-Hub",https://www.bain.com/careers,,,,
bcg-com,"Boston Consulting Group",https://www.bcg.com,"SaaS & Enterprise","Knowledge City / T-Hub",https://www.bcg.com/careers,,,,
dxc-com,"DXC Technology",https://www.dxc.com,"SaaS & Enterprise","HITEC City",https://www.dxc.com/careers,,,,
evalueserve-com,"Evalueserve",https://www.evalueserve.com,"AI & Machine Learning","HITEC City",https://www.evalueserve.com/careers,,,,
accenture-com,"Accenture",https://www.accenture.com,"SaaS & Enterprise","HITEC City",https://www.accenture.com/careers,,,,
larsentoubro,"Larsen & Toubro",https://www.larsentoubro.com,"DeepTech & Aerospace","Madhapur",https://www.larsentoubro.com/careers,,,,
ctrls-in,"CtrlS Datacenters",https://www.ctrls.in,"SaaS & Enterprise","HITEC City",https://www.ctrls.in/careers,,,,
novartis-com,"Novartis",https://www.novartis.com,"HealthTech & BioTech","Genome Valley / Uppal",https://www.novartis.com/careers,,,,
cloudninehospitals-com,"Cloudnine Hospital",https://www.cloudninehospitals.com,"HealthTech & BioTech","Jubilee Hills",https://www.cloudninehospitals.com/careers,,,,
ltfs-com,"L&T Finance",https://www.ltfs.com,"FinTech & InsurTech","Begumpet",https://www.ltfs.com/careers,,,,
cotiviti-com,"Cotiviti",https://www.cotiviti.com,"HealthTech & BioTech","Financial District",https://www.cotiviti.com/careers,,,,
zelis-com,"Zelis",https://www.zelis.com,"HealthTech & BioTech","Knowledge City / T-Hub",https://www.zelis.com/careers,,,,
solenis-com,"Solenis",https://www.solenis.com,"CleanTech & Energy","Gachibowli",https://www.solenis.com/careers,,,,
dazn-com,"DAZN",https://dazn.com,"E-Commerce & Consumer","Knowledge City / T-Hub",https://dazn.com/careers,,,,
thomsonreuters-com,"Thomson Reuters",https://www.thomsonreuters.com,"SaaS & Enterprise","Financial District",https://www.thomsonreuters.com/careers,,,,
progress-com,"Progress Software",https://www.progress.com,"SaaS & Enterprise","HITEC City",https://www.progress.com/careers,,,,
thermofisher-com,"Thermo Fisher Scientific",https://www.thermofisher.com,"HealthTech & BioTech","Genome Valley / Uppal",https://www.thermofisher.com/careers,,,,
rsmus-com,"RSM US",https://rsmus.com,"FinTech & InsurTech","Knowledge City / T-Hub",https://rsmus.com/careers,,,,
experian-in,"Experian",https://www.experian.in,"FinTech & InsurTech","HITEC City",https://www.experian.in/careers,,,,
lilly-com,"Eli Lilly",https://www.lilly.com,"HealthTech & BioTech","Genome Valley / Uppal",https://www.lilly.com/careers,,,,
paltech-com,"Paltech",https://paltech.com,"SaaS & Enterprise","Madhapur",https://paltech.com/careers,,,,
sharechat-com,"ShareChat",https://sharechat.com,"E-Commerce & Consumer","Knowledge City / T-Hub",https://sharechat.com/careers,,,,
juspay-in,"Juspay",https://juspay.in,"FinTech & InsurTech","Gachibowli",https://juspay.in/careers,,,,
razorpay-com,"Razorpay",https://razorpay.com,"FinTech & InsurTech","Knowledge City / T-Hub",https://razorpay.com/careers,,,,
scryanalytics,"Scry Analytics",https://scryanalytics.ai,"AI & Machine Learning","HITEC City",https://scryanalytics.ai/careers,,,,
truveta-com,"Truveta",https://www.truveta.com,"HealthTech & BioTech","Knowledge City / T-Hub",https://www.truveta.com/careers,,,,
udaan-com,"Udaan",https://udaan.com,"E-Commerce & Consumer","Madhapur",https://udaan.com/careers,,,,
getvymo-com,"Vymo",https://getvymo.com,"SaaS & Enterprise","Gachibowli",https://getvymo.com/careers,,,,
xpressbees-com,"XpressBees",https://www.xpressbees.com,"Logistics & Supply Chain","Begumpet",https://www.xpressbees.com/careers,,,,
yulu-bike,"Yulu",https://www.yulu.bike,"CleanTech & EV","Knowledge City / T-Hub",https://www.yulu.bike/careers,,,,
zolostays,"ZoloStays",https://zolostays.com,"E-Commerce & Consumer","Kondapur",https://zolostays.com/careers,,,,
nanoheal-com,"NanoHeal",https://www.nanoheal.com,"SaaS & Enterprise","Madhapur",https://www.nanoheal.com/careers,,,,
agribazaar-com,"AgriBazaar",https://www.agribazaar.com,"AgriTech & FoodTech","Gachibowli",https://www.agribazaar.com/careers,,,,
bitkraft-co,"Bitkraft Technologies",https://www.bitkraft.co,"SaaS & Enterprise","Madhapur",https://www.bitkraft.co/careers,,,,
druva-com,"Druva",https://www.druva.com,"SaaS & Enterprise","Knowledge City / T-Hub",https://www.druva.com/careers,,,,
ecomexpress-in,"Ecom Express",https://ecomexpress.in,"Logistics & Supply Chain","Begumpet",https://ecomexpress.in/careers,,,,
mfine-co,"mfine",https://www.mfine.co,"HealthTech & BioTech","Gachibowli",https://www.mfine.co/careers,,,,
go-yubi-com,"Yubi",https://www.go-yubi.com,"FinTech & InsurTech","Financial District",https://www.go-yubi.com/careers,,,,
crayondata-com,"Crayon Data",https://www.crayondata.com,"AI & Machine Learning","Knowledge City / T-Hub",https://www.crayondata.com/careers,,,,
rebelfoods,"Rebel Foods",https://rebelfoods.com,"FoodTech","Jubilee Hills",https://rebelfoods.com/careers,,,,
pristyncare-com,"Pristyn Care",https://www.pristyncare.com,"HealthTech & BioTech","Madhapur",https://www.pristyncare.com/careers,,,,
qikru-com,"Qikru",https://qikru.com,"SaaS & Enterprise","Knowledge City / T-Hub",https://qikru.com/careers,,,,
retaildaddy-com,"RetailDaddy",https://retaildaddy.com,"E-Commerce & Consumer","Madhapur",https://retaildaddy.com/careers,,,,
talentrecruit-com,"TalentRecruit",https://www.talentrecruit.com,"SaaS & Enterprise","Kondapur",https://www.talentrecruit.com/careers,,,,
uniphore-com,"Uniphore",https://www.uniphore.com,"AI & Machine Learning","Knowledge City / T-Hub",https://www.uniphore.com/careers,,,,
otis-com,"OTIS",https://www.otis.com,"DeepTech & Aerospace","HITEC City",https://www.otis.com/careers,,,,
amd-com,"AMD",https://www.amd.com,"DeepTech & Aerospace","HITEC City",https://www.amd.com/careers,,,,
lloydsbankinggroup-com,"Lloyds Technology Centre",https://www.lloydsbankinggroup.com,"FinTech & InsurTech","Knowledge City / T-Hub",https://www.lloydsbankinggroup.com/careers,,,,
silabs-com,"Silicon Labs",https://www.silabs.com,"DeepTech & Aerospace","Knowledge City / T-Hub",https://www.silabs.com/careers,,,,
mathworks-com,"MathWorks",https://www.mathworks.com,"SaaS & Enterprise","Knowledge City / T-Hub",https://www.mathworks.com/careers,,,,
blueyonder-com,"Blue Yonder",https://blueyonder.com,"Logistics & Supply Chain","HITEC City",https://blueyonder.com/careers,,,,
chubb-com,"Chubb",https://www.chubb.com,"FinTech & InsurTech","Financial District",https://www.chubb.com/careers,,,,
tjx-com,"TJX Companies",https://www.tjx.com,"E-Commerce & Consumer","Financial District",https://www.tjx.com/careers,,,,
trimont-com,"Trimont",https://www.trimont.com,"FinTech & InsurTech","Knowledge City / T-Hub",https://www.trimont.com/careers,,,,
modmed-com,"ModMed",https://www.modmed.com,"HealthTech & BioTech","HITEC City",https://www.modmed.com/careers,,,,
isprout-in,"iSprout",https://isprout.in,"SaaS & Enterprise","Kondapur",https://isprout.in/careers,,,,
mobis-co-kr,"Hyundai Mobis",https://www.mobis.co.kr,"CleanTech & EV","Financial District",https://www.mobis.co.kr/careers,,,,
vensar-in,"Vensar Constructions",https://vensar.in,"SaaS & Enterprise","Begumpet",https://vensar.in/careers,,,,
fresher-jobs,"Fresher Jobs",https://way2fresher.com/,"SaaS & Enterprise","HITEC City",https://way2fresher.com/careers,,,,
payswiff,"Payswiff",https://www.payswiff.com/,"FinTech & InsurTech","Financial District",https://www.payswiff.com/careers,,,,
bytexl,"byteXL",https://bytexl.com/,"SaaS & Enterprise","Gachibowli",https://bytexl.com/careers,,,,
mysmartpricecom,"MySmartPrice.com",https://www.mysmartprice.com/,"E-Commerce & Consumer","Jubilee Hills",https://www.mysmartprice.com/careers,,,,
mtuity-a-paradigm-company,"Mtuity - A Paradigm Company",https://quantela.com/,"SaaS & Enterprise","HITEC City",https://quantela.com/careers,,,,
conneqt-business-solutions-limited,"Conneqt Business Solutions Limited",https://conneqtcorp.com/,"FinTech & InsurTech","Financial District",https://conneqtcorp.com/careers,,,,
power-mech-projects-limited,"Power Mech Projects Limited",https://powermechprojects.com/,"SaaS & Enterprise","Jubilee Hills",https://powermechprojects.com/careers,,,,
gati-ltd,"Gati Ltd",https://www.gati.com/,"E-Commerce & Consumer","Uppal & East",https://www.gati.com/careers,,,,
valuelabs,"ValueLabs",https://www.valuelabs.com/,"FinTech & InsurTech","Financial District",https://www.valuelabs.com/careers,,,,
constelli,"CONSTELLI",https://constelli.com/,"DeepTech & Aerospace","Uppal & East",https://constelli.com/careers,,,,
medplus-health-services-limited,"MedPlus Health Services Limited",https://www.medplusindia.com/,"HealthTech & BioTech","Banjara Hills",https://www.medplusindia.com/careers,,,,
ramky-enviro-engineers-limited,"Ramky Enviro Engineers Limited",https://ramkyenviroengineers.com/,"SaaS & Enterprise","Financial District",https://ramkyenviroengineers.com/careers,,,,
gvk,"GVK",https://gvk.com/,"CleanTech & EV","Financial District",https://gvk.com/careers,,,,
laurus-labs,"Laurus Labs",https://www.lauruslabs.com/,"HealthTech & BioTech","Uppal & East",https://www.lauruslabs.com/careers,,,,
soma,"SOMA",https://soma.co.in/,"SaaS & Enterprise","Jubilee Hills",https://soma.co.in/careers,,,,
ramky-group,"Ramky Group",https://ramky.com/,"SaaS & Enterprise","Jubilee Hills",https://ramky.com/careers,,,,
aig-hospitals,"AIG Hospitals",https://aighospitals.com/,"HealthTech & BioTech","Banjara Hills",https://aighospitals.com/careers,,,,
next-education,"Next Education",https://www.nexteducation.in/,"SaaS & Enterprise","Gachibowli",https://www.nexteducation.in/careers,,,,
i-pac,"I-PAC",https://indianpac.com/,"SaaS & Enterprise","HITEC City",https://indianpac.com/careers,,,,
mediamint,"MediaMint",https://mediamint.com/,"SaaS & Enterprise","HITEC City",https://mediamint.com/careers,,,,
davita-nephrolife,"DaVita Nephrolife",https://nephrolife.in/,"HealthTech & BioTech","Banjara Hills",https://nephrolife.in/careers,,,,
jarsh-safety,"Jarsh Safety",https://jarshsafety.com/,"SaaS & Enterprise","HITEC City",https://jarshsafety.com/careers,,,,
keolis-hyderabad-mass-rapid-transit-system,"Keolis Hyderabad Mass Rapid Transit System",https://keolishyderabad.com/,"E-Commerce & Consumer","Uppal & East",https://keolishyderabad.com/careers,,,,
medicover-hospitals,"Medicover Hospitals",https://www.medicoverhospitals.in/,"HealthTech & BioTech","Banjara Hills",https://www.medicoverhospitals.in/careers,,,,
unschool,"Unschool",https://unschool.in/,"SaaS & Enterprise","Gachibowli",https://unschool.in/careers,,,,
medha-servo-drives-pvt-ltd,"MEDHA SERVO DRIVES PVT LTD",https://medha.com/,"AI & Machine Learning","Uppal & East",https://medha.com/careers,,,,
piramal-swasthya,"Piramal Swasthya",https://piramalswasthya.org/,"HealthTech & BioTech","Banjara Hills",https://piramalswasthya.org/careers,,,,
brane-enterprises,"Brane Enterprises",https://nslhub.com/,"SaaS & Enterprise","HITEC City",https://nslhub.com/careers,,,,
deccan-fine-chemicals,"Deccan Fine Chemicals",https://deccanchemicals.com/,"HealthTech & BioTech","Uppal & East",https://deccanchemicals.com/careers,,,,
pramati-technologies,"Pramati Technologies",https://pramati.com/,"SaaS & Enterprise","HITEC City",https://pramati.com/careers,,,,
nmdc-limited,"NMDC Limited",https://www.nmdc.co.in/,"SaaS & Enterprise","Financial District",https://www.nmdc.co.in/careers,,,,
rotomaker-studio,"Rotomaker Studio",https://rotomaker.com/,"AI & Machine Learning","Jubilee Hills",https://rotomaker.com/careers,,,,
cloud4c-services,"Cloud4C Services",https://cloud4c.com/,"SaaS & Enterprise","HITEC City",https://cloud4c.com/careers,,,,
vishwa-samudra-engineering,"Vishwa Samudra Engineering",https://vishwasamudra.in/,"SaaS & Enterprise","Financial District",https://vishwasamudra.in/careers,,,,
tanla-platforms,"Tanla Platforms",https://www.tanla.com/,"SaaS & Enterprise","HITEC City",https://www.tanla.com/careers,,,,
exploring-infinities,"Exploring Infinities",https://expinfi.com/,"SaaS & Enterprise","Gachibowli",https://expinfi.com/careers,,,,
amara-raja-infra,"Amara Raja Infra",https://www.amararaja.com/,"CleanTech & EV","Financial District",https://www.amararaja.com/careers,,,,
heritage-foods,"Heritage Foods",https://www.heritagefoods.in/,"E-Commerce & Consumer","Jubilee Hills",https://www.heritagefoods.in/careers,,,,
woxsen-university,"Woxsen University",https://woxsen.edu.in/,"SaaS & Enterprise","Gachibowli",https://woxsen.edu.in/careers,,,,
tv9,"TV9",https://www.tv9.com/,"E-Commerce & Consumer","Jubilee Hills",https://www.tv9.com/careers,,,,
aaseya-it-services,"Aaseya IT Services",https://aaseya.com/,"SaaS & Enterprise","HITEC City",https://aaseya.com/careers,,,,
welspun-flooring,"Welspun Flooring",https://www.welspun.com/,"SaaS & Enterprise","HITEC City",https://www.welspun.com/careers,,,,
moschip,"MosChip",https://moschip.com/,"DeepTech & Aerospace","Uppal & East",https://moschip.com/careers,,,,
pps-motors,"PPS Motors",https://ppsmotors.in/,"SaaS & Enterprise","Jubilee Hills",https://ppsmotors.in/careers,,,,
electronics-corporation-of-india-limited,"Electronics Corporation of India Limited",https://www.ecil.co.in/,"DeepTech & Aerospace","Uppal & East",https://www.ecil.co.in/careers,,,,
aparna-constructions-and-estates,"Aparna Constructions and Estates",https://www.aparnaconstructions.com/,"E-Commerce & Consumer","Jubilee Hills",https://www.aparnaconstructions.com/careers,,,,
icrisat,"ICRISAT",https://www.icrisat.org/,"HealthTech & BioTech","Jubilee Hills",https://www.icrisat.org/careers,,,,
talentsprint,"TalentSprint",https://talentsprint.com/,"SaaS & Enterprise","Gachibowli",https://talentsprint.com/careers,,,,
jk-agri-genetics,"JK Agri Genetics",https://jkagri.com/,"HealthTech & BioTech","Uppal & East",https://jkagri.com/careers,,,,
pharma-wisdom-jobs,"Pharma Wisdom Jobs",https://pharmawisdom.co.in/,"HealthTech & BioTech","Uppal & East",https://pharmawisdom.co.in/careers,,,,
ankura-hospital,"Ankura Hospital",https://ankurahospital.com/,"HealthTech & BioTech","Banjara Hills",https://ankurahospital.com/careers,,,,
gus-education-india,"GUS Education India",https://guseducationindia.com/,"SaaS & Enterprise","Gachibowli",https://guseducationindia.com/careers,,,,
focus-softnet,"Focus Softnet",https://focussoftnet.com/,"SaaS & Enterprise","HITEC City",https://focussoftnet.com/careers,,,,
apollo-247,"Apollo 24|7",https://www.apollo247.com/,"HealthTech & BioTech","Banjara Hills",https://www.apollo247.com/careers,,,,
jntuh-college-of-engineering-hyderabad,"JNTUH College of Engineering Hyderabad",https://jntuhceh.ac.in/,"SaaS & Enterprise","Gachibowli",https://jntuhceh.ac.in/careers,,,,
soctronics,"Soctronics",https://soctronics.com/,"DeepTech & Aerospace","Uppal & East",https://soctronics.com/careers,,,,
dukes-india,"Dukes India",https://dukesindia.com/,"E-Commerce & Consumer","Jubilee Hills",https://dukesindia.com/careers,,,,
jocata,"Jocata",https://jocata.com/,"FinTech & InsurTech","Financial District",https://jocata.com/careers,,,,
trigeo-technologies,"TriGeo Technologies",https://trigeo.net/,"SaaS & Enterprise","HITEC City",https://trigeo.net/careers,,,,
fhpl,"FHPL",https://fhpl.net/,"HealthTech & BioTech","Banjara Hills",https://fhpl.net/careers,,,,
merilytics,"Merilytics",https://merilytics.com/,"FinTech & InsurTech","Financial District",https://merilytics.com/careers,,,,
foundit,"foundit",https://www.foundit.in/,"SaaS & Enterprise","HITEC City",https://www.foundit.in/careers,,,,
absolute-barbecues,"Absolute Barbecues",https://absolute-barbecue.com/,"E-Commerce & Consumer","Jubilee Hills",https://absolute-barbecue.com/careers,,,,
hrh-next-services,"HRH NEXT SERVICES",https://hrhnext.com/,"SaaS & Enterprise","HITEC City",https://hrhnext.com/careers,,,,
innomatics-research-labs,"Innomatics Research Labs",https://innomatics.in/,"SaaS & Enterprise","Financial District",https://innomatics.in/careers,,,,
gangavaram-port,"Gangavaram Port",https://gangavaram.com/,"E-Commerce & Consumer","Uppal & East",https://gangavaram.com/careers,,,,
gmr-aero-technic,"GMR Aero Technic",https://gmraerotech.in/,"DeepTech & Aerospace","Uppal & East",https://gmraerotech.in/careers,,,,
bbg,"BBG",https://bbgindia.com/,"E-Commerce & Consumer","Jubilee Hills",https://bbgindia.com/careers,,,,
mahindra-university,"Mahindra University",https://www.mahindrauniversity.edu.in/,"SaaS & Enterprise","Gachibowli",https://www.mahindrauniversity.edu.in/careers,,,,
fractal-enterprises,"Fractal Enterprises",https://fractalenterprises.in/,"SaaS & Enterprise","HITEC City",https://fractalenterprises.in/careers,,,,
rain-industries,"Rain Industries",https://www.rain-industries.com/,"HealthTech & BioTech","Uppal & East",https://www.rain-industries.com/careers,,,,
telebu-communications,"Telebu Communications",https://telebu.com/,"SaaS & Enterprise","HITEC City",https://telebu.com/careers,,,,
codtech-it-solutions,"CODTECH IT SOLUTIONS",https://codtechitsolutions.com/,"SaaS & Enterprise","HITEC City",https://codtechitsolutions.com/careers,,,,
vsoft-technologies,"VSoft Technologies",https://vsoft.co.in/,"FinTech & InsurTech","Financial District",https://vsoft.co.in/careers,,,,
icmr-national-institute-of-nutrition,"ICMR-National Institute of Nutrition",https://www.nin.res.in/,"HealthTech & BioTech","Banjara Hills",https://www.nin.res.in/careers,,,,
gmr-hyderabad-international-airport,"GMR Hyderabad International Airport",https://www.hyderabad.aero/,"SaaS & Enterprise","Uppal & East",https://www.hyderabad.aero/careers,,,,
vivimed-labs,"Vivimed Labs",https://vivimedlabs.com/,"HealthTech & BioTech","Uppal & East",https://vivimedlabs.com/careers,,,,
celon-labs,"Celon Labs",https://celonlabs.com/,"HealthTech & BioTech","Uppal & East",https://celonlabs.com/careers,,,,
biophore-india-pharmaceuticals,"Biophore India Pharmaceuticals",https://biophore.com/,"HealthTech & BioTech","Uppal & East",https://biophore.com/careers,,,,
shriram-bioseed-genetics,"Shriram Bioseed Genetics",https://bioseed.com/,"HealthTech & BioTech","Uppal & East",https://bioseed.com/careers,,,,
paltech,"PalTech",https://pal.tech/,"SaaS & Enterprise","HITEC City",https://pal.tech/careers,,,,
way2news-b2,"Way2News",https://way2news.co/,"SaaS & Enterprise","HITEC City",https://way2news.co/careers,,,,
enmovil-b2,"Enmovil",https://enmovil.com/,"SaaS & Enterprise","HITEC City",https://enmovil.com/careers,,,,
spadeworks-b2,"SpadeWorks",https://spadeworks.com/,"SaaS & Enterprise","HITEC City",https://spadeworks.com/careers,,,,
deccan-ai-b2,"Deccan AI",https://deccanai.com/,"SaaS & Enterprise","HITEC City",https://deccanai.com/careers,,,,
hesa-b2,"Hesa",https://www.hesaglobal.com/,"SaaS & Enterprise","HITEC City",https://www.hesaglobal.com/careers,,,,
mivi,"Mivi",https://www.mivi.in/,"SaaS & Enterprise","HITEC City",https://www.mivi.in/careers,,,,
donatekart,"Donatekart",https://www.donatekart.com/,"SaaS & Enterprise","HITEC City",https://www.donatekart.com/careers,,,,
ozonetel,"Ozonetel",https://ozonetel.com/,"SaaS & Enterprise","HITEC City",https://ozonetel.com/careers,,,,
doctorc,"DoctorC",https://doctorc.com/,"SaaS & Enterprise","HITEC City",https://doctorc.com/careers,,,,
eunimart,"Eunimart",https://www.eunimart.com/,"SaaS & Enterprise","HITEC City",https://www.eunimart.com/careers,,,,
nowpurchase,"NowPurchase",https://www.nowpurchase.com/,"SaaS & Enterprise","HITEC City",https://www.nowpurchase.com/careers,,,,
grabon,"GrabOn",https://www.grabon.in/,"SaaS & Enterprise","HITEC City",https://www.grabon.in/careers,,,,
fretbox,"FretBox",https://fretbox.in/,"SaaS & Enterprise","HITEC City",https://fretbox.in/careers,,,,
svaya-robotics,"Svaya Robotics",https://www.svayarobotics.com/,"SaaS & Enterprise","HITEC City",https://www.svayarobotics.com/careers,,,,
doosra,"Doosra",https://doosra.com/,"SaaS & Enterprise","HITEC City",https://doosra.com/careers,,,,
hugosave,"Hugosave",https://hugosave.com/,"SaaS & Enterprise","HITEC City",https://hugosave.com/careers,,,,
tartan,"Tartan",https://www.tartanapp.com/,"SaaS & Enterprise","HITEC City",https://www.tartanapp.com/careers,,,,
hubble,"Hubble",https://www.hubble.money/,"SaaS & Enterprise","HITEC City",https://www.hubble.money/careers,,,,
hirexai,"Hirex.ai",https://hirex.ai/,"SaaS & Enterprise","HITEC City",https://hirex.ai/careers,,,,
carestack,"CareStack",https://carestack.com/,"SaaS & Enterprise","HITEC City",https://carestack.com/careers,,,,
clinikk,"Clinikk",https://clinikk.com/,"SaaS & Enterprise","HITEC City",https://clinikk.com/careers,,,,
lifecell,"LifeCell",https://www.lifecell.in/,"SaaS & Enterprise","HITEC City",https://www.lifecell.in/careers,,,,
freshtohome,"FreshToHome",https://www.freshtohome.com/,"SaaS & Enterprise","HITEC City",https://www.freshtohome.com/careers,,,,
vahdam,"Vahdam",https://www.vahdamteas.com/,"SaaS & Enterprise","HITEC City",https://www.vahdamteas.com/careers,,,,
mygate,"MyGate",https://mygate.com/,"SaaS & Enterprise","HITEC City",https://mygate.com/careers,,,,
homelane,"HomeLane",https://www.homelane.com/,"SaaS & Enterprise","HITEC City",https://www.homelane.com/careers,,,,
nobroker,"NoBroker",https://www.nobroker.in/,"SaaS & Enterprise","HITEC City",https://www.nobroker.in/careers,,,,
teachmint,"Teachmint",https://www.teachmint.com/,"SaaS & Enterprise","HITEC City",https://www.teachmint.com/careers,,,,
we-hub,"WE Hub",https://wehub.telangana.gov.in/,"SaaS & Enterprise","HITEC City",https://wehub.telangana.gov.in/careers,,,,
rich,"RICH",https://rich.telangana.gov.in/,"SaaS & Enterprise","HITEC City",https://rich.telangana.gov.in/careers,,,,
ananth-technologies,"Ananth Technologies",https://ananthtech.com/,"SaaS & Enterprise","HITEC City",https://ananthtech.com/careers,,,,
astra-microwave-products,"Astra Microwave Products",https://www.astramwp.com/,"SaaS & Enterprise","HITEC City",https://www.astramwp.com/careers,,,,
mtar-technologies,"MTAR Technologies",https://mtar.in/,"SaaS & Enterprise","HITEC City",https://mtar.in/careers,,,,
indian-immunologicals,"Indian Immunologicals",https://www.indimmune.com/,"SaaS & Enterprise","HITEC City",https://www.indimmune.com/careers,,,,
aurobindo-pharma,"Aurobindo Pharma",https://www.aurobindo.com/,"SaaS & Enterprise","HITEC City",https://www.aurobindo.com/careers,,,,
sai-life-sciences,"Sai Life Sciences",https://www.sailife.com/,"SaaS & Enterprise","HITEC City",https://www.sailife.com/careers,,,,
granules-india,"Granules India",https://granulesindia.com/,"SaaS & Enterprise","HITEC City",https://granulesindia.com/careers,,,,
gland-pharma,"Gland Pharma",https://glandpharma.com/,"SaaS & Enterprise","HITEC City",https://glandpharma.com/careers,,,,
natco-pharma,"Natco Pharma",https://www.natcopharma.co.in/,"SaaS & Enterprise","HITEC City",https://www.natcopharma.co.in/careers,,,,
yashoda-hospitals,"Yashoda Hospitals",https://www.yashodahospitals.com/,"SaaS & Enterprise","HITEC City",https://www.yashodahospitals.com/careers,,,,
care-hospitals,"CARE Hospitals",https://www.carehospitals.com/,"SaaS & Enterprise","HITEC City",https://www.carehospitals.com/careers,,,,
kims-hospitals,"KIMS Hospitals",https://www.kimshospitals.com/,"SaaS & Enterprise","HITEC City",https://www.kimshospitals.com/careers,,,,
virinchi-hospitals,"Virinchi Hospitals",https://www.virinchihospitals.com/,"SaaS & Enterprise","HITEC City",https://www.virinchihospitals.com/careers,,,,
yellowai,"Yellow.ai",https://yellow.ai/,"SaaS & Enterprise","HITEC City",https://yellow.ai/careers,,,,
phenom,"Phenom",https://www.phenom.com/,"SaaS & Enterprise","HITEC City",https://www.phenom.com/careers,,,,
innominds,"Innominds",https://www.innominds.com/,"SaaS & Enterprise","HITEC City",https://www.innominds.com/careers,,,,
sahaj-software,"Sahaj Software",https://www.sahajsoft.com/,"SaaS & Enterprise","HITEC City",https://www.sahajsoft.com/careers,,,,
cloud4c,"Cloud4C",https://www.cloud4c.com/,"SaaS & Enterprise","HITEC City",https://www.cloud4c.com/careers,,,,
cigniti,"Cigniti",https://www.cigniti.com/,"SaaS & Enterprise","HITEC City",https://www.cigniti.com/careers,,,,
ecil,"ECIL",https://www.ecil.co.in/,"SaaS & Enterprise","HITEC City",https://www.ecil.co.in/careers,,,,
midhani,"MIDHANI",https://midhani-india.in/,"SaaS & Enterprise","HITEC City",https://midhani-india.in/careers,,,,
amara-raja-energy-and-mobility,"Amara Raja Energy and Mobility",https://www.amararaja.com/,"SaaS & Enterprise","HITEC City",https://www.amararaja.com/careers,,,,
tie-hyderabad,"TiE Hyderabad",https://tiehyderabad.org/,"SaaS & Enterprise","HITEC City",https://tiehyderabad.org/careers,,,,
hysea,"HYSEA",https://hysea.in/,"SaaS & Enterprise","HITEC City",https://hysea.in/careers,,,,
happi-mobiles,"Happi Mobiles",https://happimobiles.com,"E-Commerce & Consumer","Madhapur",https://happimobiles.com/careers,,,,
detente-technologies-pvt-ltd,"Detente Technologies Pvt Ltd",https://www.google.com/search?q=Detente%20Technologies%20Pvt%20Ltd+Hyderabad,"SaaS & Enterprise","HITEC City",https://www.google.com/search?q=Detente%20Technologies%20Pvt%20Ltd+Hyderabad/careers,,,,
gasreliefcom,"GasRelief.com",https://www.google.com/search?q=GasRelief.com+Hyderabad,"SaaS & Enterprise","HITEC City",https://www.google.com/search?q=GasRelief.com+Hyderabad/careers,,,,
intellogi-global-solutions-pvt-ltd,"Intellogi Global Solutions Pvt Ltd",https://www.google.com/search?q=Intellogi%20Global%20Solutions%20Pvt%20Ltd+Hyderabad,"SaaS & Enterprise","HITEC City",https://www.google.com/search?q=Intellogi%20Global%20Solutions%20Pvt%20Ltd+Hyderabad/careers,,,,
actlogica-solutions,"actlogica solutions",https://www.google.com/search?q=actlogica%20solutions+Hyderabad,"SaaS & Enterprise","HITEC City",https://www.google.com/search?q=actlogica%20solutions+Hyderabad/careers,,,,
adiabatic-technologies,"Adiabatic Technologies",https://www.google.com/search?q=Adiabatic%20Technologies+Hyderabad,"SaaS & Enterprise","HITEC City",https://www.google.com/search?q=Adiabatic%20Technologies+Hyderabad/careers,,,,
hesa-enterprises,"Hesa Enterprises",https://www.google.com/search?q=Hesa%20Enterprises+Hyderabad,"SaaS & Enterprise","HITEC City",https://www.google.com/search?q=Hesa%20Enterprises+Hyderabad/careers,,,,
publicvibe,"PublicVibe",https://www.google.com/search?q=PublicVibe+Hyderabad,"SaaS & Enterprise","HITEC City",https://www.google.com/search?q=PublicVibe+Hyderabad/careers,,,,
rational-technologies,"Rational Technologies",https://www.google.com/search?q=Rational%20Technologies+Hyderabad,"SaaS & Enterprise","HITEC City",https://www.google.com/search?q=Rational%20Technologies+Hyderabad/careers,,,,
myclassboard,"MyClassboard",https://www.google.com/search?q=MyClassboard+Hyderabad,"SaaS & Enterprise","HITEC City",https://www.google.com/search?q=MyClassboard+Hyderabad/careers,,,,
fresh-prints,"Fresh Prints",https://www.google.com/search?q=Fresh%20Prints+Hyderabad,"SaaS & Enterprise","HITEC City",https://www.google.com/search?q=Fresh%20Prints+Hyderabad/careers,,,,
cloudqa,"CloudQA",https://www.google.com/search?q=CloudQA+Hyderabad,"SaaS & Enterprise","HITEC City",https://www.google.com/search?q=CloudQA+Hyderabad/careers,,,,
placta,"PLACTA",https://www.google.com/search?q=PLACTA+Hyderabad,"SaaS & Enterprise","HITEC City",https://www.google.com/search?q=PLACTA+Hyderabad/careers,,,,
appincubator-technologies,"AppIncubator Technologies",https://www.google.com/search?q=AppIncubator%20Technologies+Hyderabad,"SaaS & Enterprise","HITEC City",https://www.google.com/search?q=AppIncubator%20Technologies+Hyderabad/careers,,,,
ekshvaku-tech-innovations,"Ekshvaku Tech Innovations",https://www.google.com/search?q=Ekshvaku%20Tech%20Innovations+Hyderabad,"SaaS & Enterprise","HITEC City",https://www.google.com/search?q=Ekshvaku%20Tech%20Innovations+Hyderabad/careers,,,,
ewoke,"Ewoke",https://www.google.com/search?q=Ewoke+Hyderabad,"SaaS & Enterprise","HITEC City",https://www.google.com/search?q=Ewoke+Hyderabad/careers,,,,
switchnov,"SwitchNov",https://www.google.com/search?q=SwitchNov+Hyderabad,"SaaS & Enterprise","HITEC City",https://www.google.com/search?q=SwitchNov+Hyderabad/careers,,,,
pandoras-box,"Pandora's Box",https://www.google.com/search?q=Pandora's%20Box+Hyderabad,"SaaS & Enterprise","HITEC City",https://www.google.com/search?q=Pandora's%20Box+Hyderabad/careers,,,,
bombay-farming-co,"Bombay Farming Co",https://www.google.com/search?q=Bombay%20Farming%20Co+Hyderabad,"SaaS & Enterprise","HITEC City",https://www.google.com/search?q=Bombay%20Farming%20Co+Hyderabad/careers,,,,
7seas-entertainment,"7Seas Entertainment",https://www.google.com/search?q=7Seas%20Entertainment+Hyderabad,"SaaS & Enterprise","HITEC City",https://www.google.com/search?q=7Seas%20Entertainment+Hyderabad/careers,,,,
kellton,"Kellton",https://www.google.com/search?q=Kellton+Hyderabad,"SaaS & Enterprise","HITEC City",https://www.google.com/search?q=Kellton+Hyderabad/careers,,,,
maruti-shanker,"Maruti Shanker",https://www.google.com/search?q=Maruti%20Shanker+Hyderabad,"SaaS & Enterprise","HITEC City",https://www.google.com/search?q=Maruti%20Shanker+Hyderabad/careers,,,,
awiros,"Awiros",https://www.google.com/search?q=Awiros+Hyderabad,"SaaS & Enterprise","HITEC City",https://www.google.com/search?q=Awiros+Hyderabad/careers,,,,
head-digital-works,"Head Digital Works",https://www.google.com/search?q=Head%20Digital%20Works+Hyderabad,"SaaS & Enterprise","HITEC City",https://www.google.com/search?q=Head%20Digital%20Works+Hyderabad/careers,,,,
vitrana,"Vitrana",https://www.google.com/search?q=Vitrana+Hyderabad,"SaaS & Enterprise","HITEC City",https://www.google.com/search?q=Vitrana+Hyderabad/careers,,,,
dr-reddys-research,"Dr Reddy's Research",https://www.google.com/search?q=Dr%20Reddy's%20Research+Hyderabad,"SaaS & Enterprise","HITEC City",https://www.google.com/search?q=Dr%20Reddy's%20Research+Hyderabad/careers,,,,
anus-laboratories,"Anu's Laboratories",https://www.google.com/search?q=Anu's%20Laboratories+Hyderabad,"SaaS & Enterprise","HITEC City",https://www.google.com/search?q=Anu's%20Laboratories+Hyderabad/careers,,,,
aizant-drug-research,"Aizant Drug Research",https://www.google.com/search?q=Aizant%20Drug%20Research+Hyderabad,"SaaS & Enterprise","HITEC City",https://www.google.com/search?q=Aizant%20Drug%20Research+Hyderabad/careers,,,,
suven-pharma,"Suven Pharma",https://www.google.com/search?q=Suven%20Pharma+Hyderabad,"SaaS & Enterprise","HITEC City",https://www.google.com/search?q=Suven%20Pharma+Hyderabad/careers,,,,
sms-pharmaceuticals,"SMS Pharmaceuticals",https://www.google.com/search?q=SMS%20Pharmaceuticals+Hyderabad,"SaaS & Enterprise","HITEC City",https://www.google.com/search?q=SMS%20Pharmaceuticals+Hyderabad/careers,,,,
virchow-laboratories,"Virchow Laboratories",https://www.google.com/search?q=Virchow%20Laboratories+Hyderabad,"SaaS & Enterprise","HITEC City",https://www.google.com/search?q=Virchow%20Laboratories+Hyderabad/careers,,,,
apollo-health-and-lifestyle,"Apollo Health and Lifestyle",https://www.google.com/search?q=Apollo%20Health%20and%20Lifestyle+Hyderabad,"SaaS & Enterprise","HITEC City",https://www.google.com/search?q=Apollo%20Health%20and%20Lifestyle+Hyderabad/careers,,,,
continental-hospitals,"Continental Hospitals",https://www.google.com/search?q=Continental%20Hospitals+Hyderabad,"SaaS & Enterprise","HITEC City",https://www.google.com/search?q=Continental%20Hospitals+Hyderabad/careers,,,,
sunshine-hospitals,"Sunshine Hospitals",https://www.google.com/search?q=Sunshine%20Hospitals+Hyderabad,"SaaS & Enterprise","HITEC City",https://www.google.com/search?q=Sunshine%20Hospitals+Hyderabad/careers,,,,
aware-gleneagles-global-hospitals,"Aware Gleneagles Global Hospitals",https://www.google.com/search?q=Aware%20Gleneagles%20Global%20Hospitals+Hyderabad,"SaaS & Enterprise","HITEC City",https://www.google.com/search?q=Aware%20Gleneagles%20Global%20Hospitals+Hyderabad/careers,,,,
fernandez-foundation,"Fernandez Foundation",https://www.google.com/search?q=Fernandez%20Foundation+Hyderabad,"SaaS & Enterprise","HITEC City",https://www.google.com/search?q=Fernandez%20Foundation+Hyderabad/careers,,,,
sreshta-diagnostics,"Sreshta Diagnostics",https://www.google.com/search?q=Sreshta%20Diagnostics+Hyderabad,"SaaS & Enterprise","HITEC City",https://www.google.com/search?q=Sreshta%20Diagnostics+Hyderabad/careers,,,,
vijaya-diagnostic-centre,"Vijaya Diagnostic Centre",https://www.google.com/search?q=Vijaya%20Diagnostic%20Centre+Hyderabad,"SaaS & Enterprise","HITEC City",https://www.google.com/search?q=Vijaya%20Diagnostic%20Centre+Hyderabad/careers,,,,
lucid-diagnostics,"Lucid Diagnostics",https://www.google.com/search?q=Lucid%20Diagnostics+Hyderabad,"SaaS & Enterprise","HITEC City",https://www.google.com/search?q=Lucid%20Diagnostics+Hyderabad/careers,,,,
4basecare,"4baseCare",https://www.google.com/search?q=4baseCare+Hyderabad,"SaaS & Enterprise","HITEC City",https://www.google.com/search?q=4baseCare+Hyderabad/careers,,,,
healthkon,"Healthkon",https://www.google.com/search?q=Healthkon+Hyderabad,"SaaS & Enterprise","HITEC City",https://www.google.com/search?q=Healthkon+Hyderabad/careers,,,,
aidia-health,"Aidia Health",https://www.google.com/search?q=Aidia%20Health+Hyderabad,"SaaS & Enterprise","HITEC City",https://www.google.com/search?q=Aidia%20Health+Hyderabad/careers,,,,
hclub-medical-services,"HClub Medical Services",https://www.google.com/search?q=HClub%20Medical%20Services+Hyderabad,"SaaS & Enterprise","HITEC City",https://www.google.com/search?q=HClub%20Medical%20Services+Hyderabad/careers,,,,
ameyaa-tech-solutions,"Ameyaa Tech Solutions",https://www.google.com/search?q=Ameyaa%20Tech%20Solutions+Hyderabad,"SaaS & Enterprise","HITEC City",https://www.google.com/search?q=Ameyaa%20Tech%20Solutions+Hyderabad/careers,,,,
telekha-networking-technologies,"Telekha Networking Technologies",https://www.google.com/search?q=Telekha%20Networking%20Technologies+Hyderabad,"SaaS & Enterprise","HITEC City",https://www.google.com/search?q=Telekha%20Networking%20Technologies+Hyderabad/careers,,,,
naturesani,"Naturesani",https://www.google.com/search?q=Naturesani+Hyderabad,"SaaS & Enterprise","HITEC City",https://www.google.com/search?q=Naturesani+Hyderabad/careers,,,,
learnograph-e-learning-india,"Learnograph E-Learning India",https://www.google.com/search?q=Learnograph%20E-Learning%20India+Hyderabad,"SaaS & Enterprise","HITEC City",https://www.google.com/search?q=Learnograph%20E-Learning%20India+Hyderabad/careers,,,,
bharathi-tech-services,"Bharathi Tech Services",https://www.google.com/search?q=Bharathi%20Tech%20Services+Hyderabad,"SaaS & Enterprise","HITEC City",https://www.google.com/search?q=Bharathi%20Tech%20Services+Hyderabad/careers,,,,
rakshideep-consultancy-services,"Rakshideep Consultancy Services",https://www.google.com/search?q=Rakshideep%20Consultancy%20Services+Hyderabad,"SaaS & Enterprise","HITEC City",https://www.google.com/search?q=Rakshideep%20Consultancy%20Services+Hyderabad/careers,,,,
ormal-foods,"Orm�al Foods",https://www.google.com/search?q=Orm%C3%A9al%20Foods+Hyderabad,"SaaS & Enterprise","HITEC City",https://www.google.com/search?q=Orm%C3%A9al%20Foods+Hyderabad/careers,,,,
ducere-technologies,"Ducere Technologies",https://www.google.com/search?q=Ducere%20Technologies+Hyderabad,"SaaS & Enterprise","HITEC City",https://www.google.com/search?q=Ducere%20Technologies+Hyderabad/careers,,,,
reckon-green-innovations,"Reckon Green Innovations",https://www.google.com/search?q=Reckon%20Green%20Innovations+Hyderabad,"SaaS & Enterprise","HITEC City",https://www.google.com/search?q=Reckon%20Green%20Innovations+Hyderabad/careers,,,,
autonomous-logistics-technologies,"Autonomous Logistics Technologies",https://www.google.com/search?q=Autonomous%20Logistics%20Technologies+Hyderabad,"SaaS & Enterprise","HITEC City",https://www.google.com/search?q=Autonomous%20Logistics%20Technologies+Hyderabad/careers,,,,
feel-good-innovations,"Feel Good Innovations",https://www.google.com/search?q=Feel%20Good%20Innovations+Hyderabad,"SaaS & Enterprise","HITEC City",https://www.google.com/search?q=Feel%20Good%20Innovations+Hyderabad/careers,,,,
creactos-projects,"Creactos Projects",https://www.google.com/search?q=Creactos%20Projects+Hyderabad,"SaaS & Enterprise","HITEC City",https://www.google.com/search?q=Creactos%20Projects+Hyderabad/careers,,,,
sumvn,"SUMVN",https://www.google.com/search?q=SUMVN+Hyderabad,"SaaS & Enterprise","HITEC City",https://www.google.com/search?q=SUMVN+Hyderabad/careers,,,,
sensworx-systems-india,"Sensworx Systems India",https://www.google.com/search?q=Sensworx%20Systems%20India+Hyderabad,"SaaS & Enterprise","HITEC City",https://www.google.com/search?q=Sensworx%20Systems%20India+Hyderabad/careers,,,,
rregulus-technologies-solutions,"RRegulus Technologies Solutions",https://www.google.com/search?q=RRegulus%20Technologies%20Solutions+Hyderabad,"SaaS & Enterprise","HITEC City",https://www.google.com/search?q=RRegulus%20Technologies%20Solutions+Hyderabad/careers,,,,
saycheez-solutions,"Saycheez Solutions",https://www.google.com/search?q=Saycheez%20Solutions+Hyderabad,"SaaS & Enterprise","HITEC City",https://www.google.com/search?q=Saycheez%20Solutions+Hyderabad/careers,,,,
bodes-technologies,"Bodes Technologies",https://www.google.com/search?q=Bodes%20Technologies+Hyderabad,"SaaS & Enterprise","HITEC City",https://www.google.com/search?q=Bodes%20Technologies+Hyderabad/careers,,,,
safetyon-apparels,"Safetyon Apparels",https://www.google.com/search?q=Safetyon%20Apparels+Hyderabad,"SaaS & Enterprise","HITEC City",https://www.google.com/search?q=Safetyon%20Apparels+Hyderabad/careers,,,,
tough-troops,"Tough Troops",https://www.google.com/search?q=Tough%20Troops+Hyderabad,"SaaS & Enterprise","HITEC City",https://www.google.com/search?q=Tough%20Troops+Hyderabad/careers,,,,
1health-integrated-services,"1Health Integrated Services",https://www.google.com/search?q=1Health%20Integrated%20Services+Hyderabad,"SaaS & Enterprise","HITEC City",https://www.google.com/search?q=1Health%20Integrated%20Services+Hyderabad/careers,,,,
prescription-pack,"Prescription Pack",https://www.google.com/search?q=Prescription%20Pack+Hyderabad,"SaaS & Enterprise","HITEC City",https://www.google.com/search?q=Prescription%20Pack+Hyderabad/careers,,,,
humblegreen-solutions,"Humblegreen Solutions",https://www.google.com/search?q=Humblegreen%20Solutions+Hyderabad,"SaaS & Enterprise","HITEC City",https://www.google.com/search?q=Humblegreen%20Solutions+Hyderabad/careers,,,,
lourdu-technologies,"Lourdu Technologies",https://www.google.com/search?q=Lourdu%20Technologies+Hyderabad,"SaaS & Enterprise","HITEC City",https://www.google.com/search?q=Lourdu%20Technologies+Hyderabad/careers,,,,
proedu-academy,"ProEdu Academy",https://www.google.com/search?q=ProEdu%20Academy+Hyderabad,"SaaS & Enterprise","HITEC City",https://www.google.com/search?q=ProEdu%20Academy+Hyderabad/careers,,,,
archelite-construction-services-llp,"ARCHELITE CONSTRUCTION SERVICES LLP",https://www.google.com/search?q=ARCHELITE%20CONSTRUCTION%20SERVICES%20LLP+Hyderabad,"SaaS & Enterprise","HITEC City",https://www.google.com/search?q=ARCHELITE%20CONSTRUCTION%20SERVICES%20LLP+Hyderabad/careers,,,,
favo-construction-technologies,"FAVO CONSTRUCTION TECHNOLOGIES",https://www.google.com/search?q=FAVO%20CONSTRUCTION%20TECHNOLOGIES+Hyderabad,"SaaS & Enterprise","HITEC City",https://www.google.com/search?q=FAVO%20CONSTRUCTION%20TECHNOLOGIES+Hyderabad/careers,,,,
tscon-projects,"TSCON PROJECTS",https://www.google.com/search?q=TSCON%20PROJECTS+Hyderabad,"SaaS & Enterprise","HITEC City",https://www.google.com/search?q=TSCON%20PROJECTS+Hyderabad/careers,,,,
ojasyaa-infra-solutions,"ojasyaa infra solutions",https://www.google.com/search?q=ojasyaa%20infra%20solutions+Hyderabad,"SaaS & Enterprise","HITEC City",https://www.google.com/search?q=ojasyaa%20infra%20solutions+Hyderabad/careers,,,,
c-square-group,"C SQUARE GROUP",https://www.google.com/search?q=C%20SQUARE%20GROUP+Hyderabad,"SaaS & Enterprise","HITEC City",https://www.google.com/search?q=C%20SQUARE%20GROUP+Hyderabad/careers,,,,
teamtech-formwork-solutions,"TEAMTECH FORMWORK SOLUTIONS",https://www.google.com/search?q=TEAMTECH%20FORMWORK%20SOLUTIONS+Hyderabad,"SaaS & Enterprise","HITEC City",https://www.google.com/search?q=TEAMTECH%20FORMWORK%20SOLUTIONS+Hyderabad/careers,,,,
kreayotoo-solutions,"KREAYOTOO SOLUTIONS",https://www.google.com/search?q=KREAYOTOO%20SOLUTIONS+Hyderabad,"SaaS & Enterprise","HITEC City",https://www.google.com/search?q=KREAYOTOO%20SOLUTIONS+Hyderabad/careers,,,,
ab-offshore-trading,"AB OFFSHORE TRADING",https://www.google.com/search?q=AB%20OFFSHORE%20TRADING+Hyderabad,"SaaS & Enterprise","HITEC City",https://www.google.com/search?q=AB%20OFFSHORE%20TRADING+Hyderabad/careers,,,,
beforest-lifestyle-solutions,"BEFOREST LIFESTYLE SOLUTIONS",https://www.google.com/search?q=BEFOREST%20LIFESTYLE%20SOLUTIONS+Hyderabad,"SaaS & Enterprise","HITEC City",https://www.google.com/search?q=BEFOREST%20LIFESTYLE%20SOLUTIONS+Hyderabad/careers,,,,
surein-projects,"SUREIN PROJECTS",https://www.google.com/search?q=SUREIN%20PROJECTS+Hyderabad,"SaaS & Enterprise","HITEC City",https://www.google.com/search?q=SUREIN%20PROJECTS+Hyderabad/careers,,,,
lsb-temerity-infra,"LSB TEMERITY INFRA",https://www.google.com/search?q=LSB%20TEMERITY%20INFRA+Hyderabad,"SaaS & Enterprise","HITEC City",https://www.google.com/search?q=LSB%20TEMERITY%20INFRA+Hyderabad/careers,,,,
deeksha-projects-and-staffing,"DEEKSHA PROJECTS AND STAFFING",https://www.google.com/search?q=DEEKSHA%20PROJECTS%20AND%20STAFFING+Hyderabad,"SaaS & Enterprise","HITEC City",https://www.google.com/search?q=DEEKSHA%20PROJECTS%20AND%20STAFFING+Hyderabad/careers,,,,
vinro-techcon-solutions,"VINRO TECHCON SOLUTIONS",https://www.google.com/search?q=VINRO%20TECHCON%20SOLUTIONS+Hyderabad,"SaaS & Enterprise","HITEC City",https://www.google.com/search?q=VINRO%20TECHCON%20SOLUTIONS+Hyderabad/careers,,,,
cims-project-management-consultants,"CIMS PROJECT MANAGEMENT CONSULTANTS",https://www.google.com/search?q=CIMS%20PROJECT%20MANAGEMENT%20CONSULTANTS+Hyderabad,"SaaS & Enterprise","HITEC City",https://www.google.com/search?q=CIMS%20PROJECT%20MANAGEMENT%20CONSULTANTS+Hyderabad/careers,,,,
vananir-bim,"VANANIR BIM",https://www.google.com/search?q=VANANIR%20BIM+Hyderabad,"SaaS & Enterprise","HITEC City",https://www.google.com/search?q=VANANIR%20BIM+Hyderabad/careers,,,,
urbanelectric-infra-services,"URBANELECTRIC INFRA SERVICES",https://www.google.com/search?q=URBANELECTRIC%20INFRA%20SERVICES+Hyderabad,"SaaS & Enterprise","HITEC City",https://www.google.com/search?q=URBANELECTRIC%20INFRA%20SERVICES+Hyderabad/careers,,,,
skathi-infrastructure,"SKATHI INFRASTRUCTURE",https://www.google.com/search?q=SKATHI%20INFRASTRUCTURE+Hyderabad,"SaaS & Enterprise","HITEC City",https://www.google.com/search?q=SKATHI%20INFRASTRUCTURE+Hyderabad/careers,,,,
av-zero-touch,"AV ZERO TOUCH",https://www.google.com/search?q=AV%20ZERO%20TOUCH+Hyderabad,"SaaS & Enterprise","HITEC City",https://www.google.com/search?q=AV%20ZERO%20TOUCH+Hyderabad/careers,,,,
ssmeet-infrastructure,"SSMEET INFRASTRUCTURE",https://www.google.com/search?q=SSMEET%20INFRASTRUCTURE+Hyderabad,"SaaS & Enterprise","HITEC City",https://www.google.com/search?q=SSMEET%20INFRASTRUCTURE+Hyderabad/careers,,,,
savin-delta-products,"SAVIN DELTA PRODUCTS",https://www.google.com/search?q=SAVIN%20DELTA%20PRODUCTS+Hyderabad,"SaaS & Enterprise","HITEC City",https://www.google.com/search?q=SAVIN%20DELTA%20PRODUCTS+Hyderabad/careers,,,,
bmss-engineers,"BMSS ENGINEERS",https://www.google.com/search?q=BMSS%20ENGINEERS+Hyderabad,"SaaS & Enterprise","HITEC City",https://www.google.com/search?q=BMSS%20ENGINEERS+Hyderabad/careers,,,,
asara-corporation,"ASARA CORPORATION",https://www.google.com/search?q=ASARA%20CORPORATION+Hyderabad,"SaaS & Enterprise","HITEC City",https://www.google.com/search?q=ASARA%20CORPORATION+Hyderabad/careers,,,,
flytta-innovations,"FLYTTA INNOVATIONS",https://www.google.com/search?q=FLYTTA%20INNOVATIONS+Hyderabad,"SaaS & Enterprise","HITEC City",https://www.google.com/search?q=FLYTTA%20INNOVATIONS+Hyderabad/careers,,,,
next-drive-transportation-and-services,"NEXT DRIVE TRANSPORTATION AND SERVICES",https://www.google.com/search?q=NEXT%20DRIVE%20TRANSPORTATION%20AND%20SERVICES+Hyderabad,"SaaS & Enterprise","HITEC City",https://www.google.com/search?q=NEXT%20DRIVE%20TRANSPORTATION%20AND%20SERVICES+Hyderabad/careers,,,,
shiv-durga-tours-and-travels,"SHIV DURGA TOURS AND TRAVELS",https://www.google.com/search?q=SHIV%20DURGA%20TOURS%20AND%20TRAVELS+Hyderabad,"SaaS & Enterprise","HITEC City",https://www.google.com/search?q=SHIV%20DURGA%20TOURS%20AND%20TRAVELS+Hyderabad/careers,,,,
roppen-transportation-services,"ROPPEN TRANSPORTATION SERVICES",https://www.google.com/search?q=ROPPEN%20TRANSPORTATION%20SERVICES+Hyderabad,"SaaS & Enterprise","HITEC City",https://www.google.com/search?q=ROPPEN%20TRANSPORTATION%20SERVICES+Hyderabad/careers,,,,
lithius-energy,"LITHIUS ENERGY",https://www.google.com/search?q=LITHIUS%20ENERGY+Hyderabad,"SaaS & Enterprise","HITEC City",https://www.google.com/search?q=LITHIUS%20ENERGY+Hyderabad/careers,,,,
pickkup,"Pickkup",https://www.google.com/search?q=Pickkup+Hyderabad,"SaaS & Enterprise","HITEC City",https://www.google.com/search?q=Pickkup+Hyderabad/careers,,,,
exprs-techno-logistics,"EXPRS TECHNO LOGISTICS",https://www.google.com/search?q=EXPRS%20TECHNO%20LOGISTICS+Hyderabad,"SaaS & Enterprise","HITEC City",https://www.google.com/search?q=EXPRS%20TECHNO%20LOGISTICS+Hyderabad/careers,,,,
zipzap-logistics,"ZIPZAP LOGISTICS",https://www.google.com/search?q=ZIPZAP%20LOGISTICS+Hyderabad,"SaaS & Enterprise","HITEC City",https://www.google.com/search?q=ZIPZAP%20LOGISTICS+Hyderabad/careers,,,,
forgepath,"FORGEPATH",https://www.google.com/search?q=FORGEPATH+Hyderabad,"SaaS & Enterprise","HITEC City",https://www.google.com/search?q=FORGEPATH+Hyderabad/careers,,,,
eternalgreen-innovations,"ETERNALGREEN INNOVATIONS",https://www.google.com/search?q=ETERNALGREEN%20INNOVATIONS+Hyderabad,"SaaS & Enterprise","HITEC City",https://www.google.com/search?q=ETERNALGREEN%20INNOVATIONS+Hyderabad/careers,,,,
cmora-cargotech,"CMORA CARGOTECH",https://www.google.com/search?q=CMORA%20CARGOTECH+Hyderabad,"SaaS & Enterprise","HITEC City",https://www.google.com/search?q=CMORA%20CARGOTECH+Hyderabad/careers,,,,
trugo-logistics-solutions,"TRUGO LOGISTICS SOLUTIONS",https://www.google.com/search?q=TRUGO%20LOGISTICS%20SOLUTIONS+Hyderabad,"SaaS & Enterprise","HITEC City",https://www.google.com/search?q=TRUGO%20LOGISTICS%20SOLUTIONS+Hyderabad/careers,,,,
booktranspo-india,"BOOKTRANSPO INDIA",https://www.google.com/search?q=BOOKTRANSPO%20INDIA+Hyderabad,"SaaS & Enterprise","HITEC City",https://www.google.com/search?q=BOOKTRANSPO%20INDIA+Hyderabad/careers,,,,
whizzy-logistic-technologies,"WHIZZY LOGISTIC TECHNOLOGIES",https://www.google.com/search?q=WHIZZY%20LOGISTIC%20TECHNOLOGIES+Hyderabad,"SaaS & Enterprise","HITEC City",https://www.google.com/search?q=WHIZZY%20LOGISTIC%20TECHNOLOGIES+Hyderabad/careers,,,,
poovadan-brothers,"POOVADAN BROTHERS",https://www.google.com/search?q=POOVADAN%20BROTHERS+Hyderabad,"SaaS & Enterprise","HITEC City",https://www.google.com/search?q=POOVADAN%20BROTHERS+Hyderabad/careers,,,,
gaido-technologies,"GAIDO TECHNOLOGIES",https://www.google.com/search?q=GAIDO%20TECHNOLOGIES+Hyderabad,"SaaS & Enterprise","HITEC City",https://www.google.com/search?q=GAIDO%20TECHNOLOGIES+Hyderabad/careers,,,,
hoppica-eco-solutions,"HOPPICA ECO SOLUTIONS",https://www.google.com/search?q=HOPPICA%20ECO%20SOLUTIONS+Hyderabad,"SaaS & Enterprise","HITEC City",https://www.google.com/search?q=HOPPICA%20ECO%20SOLUTIONS+Hyderabad/careers,,,,
deusexvolt-electric,"DEUSEXVOLT ELECTRIC",https://www.google.com/search?q=DEUSEXVOLT%20ELECTRIC+Hyderabad,"SaaS & Enterprise","HITEC City",https://www.google.com/search?q=DEUSEXVOLT%20ELECTRIC+Hyderabad/careers,,,,
whistledrive,"WHISTLEDRIVE",https://www.google.com/search?q=WHISTLEDRIVE+Hyderabad,"SaaS & Enterprise","HITEC City",https://www.google.com/search?q=WHISTLEDRIVE+Hyderabad/careers,,,,
hurryr-logistics-services,"HURRYR LOGISTICS SERVICES",https://www.google.com/search?q=HURRYR%20LOGISTICS%20SERVICES+Hyderabad,"SaaS & Enterprise","HITEC City",https://www.google.com/search?q=HURRYR%20LOGISTICS%20SERVICES+Hyderabad/careers,,,,
vihave-innovations,"VIHAVE INNOVATIONS",https://www.google.com/search?q=VIHAVE%20INNOVATIONS+Hyderabad,"SaaS & Enterprise","HITEC City",https://www.google.com/search?q=VIHAVE%20INNOVATIONS+Hyderabad/careers,,,,
augmented-byte,"AUGMENTED BYTE",https://www.google.com/search?q=AUGMENTED%20BYTE+Hyderabad,"SaaS & Enterprise","HITEC City",https://www.google.com/search?q=AUGMENTED%20BYTE+Hyderabad/careers,,,,
forever-with-u,"FOREVER WITH U",https://www.google.com/search?q=FOREVER%20WITH%20U+Hyderabad,"SaaS & Enterprise","HITEC City",https://www.google.com/search?q=FOREVER%20WITH%20U+Hyderabad/careers,,,,
augmented-in-roots-tech,"AUGMENTED IN ROOTS TECH",https://www.google.com/search?q=AUGMENTED%20IN%20ROOTS%20TECH+Hyderabad,"SaaS & Enterprise","HITEC City",https://www.google.com/search?q=AUGMENTED%20IN%20ROOTS%20TECH+Hyderabad/careers,,,,
misplaced-minds,"Misplaced Minds",https://www.google.com/search?q=Misplaced%20Minds+Hyderabad,"SaaS & Enterprise","HITEC City",https://www.google.com/search?q=Misplaced%20Minds+Hyderabad/careers,,,,
visionxr,"VISIONXR",https://www.google.com/search?q=VISIONXR+Hyderabad,"SaaS & Enterprise","HITEC City",https://www.google.com/search?q=VISIONXR+Hyderabad/careers,,,,
my-gold-work,"MY GOLD WORK",https://www.google.com/search?q=MY%20GOLD%20WORK+Hyderabad,"SaaS & Enterprise","HITEC City",https://www.google.com/search?q=MY%20GOLD%20WORK+Hyderabad/careers,,,,
godi-india,"GODI INDIA",https://www.google.com/search?q=GODI%20INDIA+Hyderabad,"SaaS & Enterprise","HITEC City",https://www.google.com/search?q=GODI%20INDIA+Hyderabad/careers,,,,
tenacious-power-solutions,"TENACIOUS POWER SOLUTIONS",https://www.google.com/search?q=TENACIOUS%20POWER%20SOLUTIONS+Hyderabad,"SaaS & Enterprise","HITEC City",https://www.google.com/search?q=TENACIOUS%20POWER%20SOLUTIONS+Hyderabad/careers,,,,
genii-engineering-and-services,"GENII ENGINEERING and SERVICES",https://www.google.com/search?q=GENII%20ENGINEERING%20and%20SERVICES+Hyderabad,"SaaS & Enterprise","HITEC City",https://www.google.com/search?q=GENII%20ENGINEERING%20and%20SERVICES+Hyderabad/careers,,,,
ignitium-services,"IGNITIUM SERVICES",https://www.google.com/search?q=IGNITIUM%20SERVICES+Hyderabad,"SaaS & Enterprise","HITEC City",https://www.google.com/search?q=IGNITIUM%20SERVICES+Hyderabad/careers,,,,
medical-innovation,"MEDICAL INNOVATION",https://www.google.com/search?q=MEDICAL%20INNOVATION+Hyderabad,"SaaS & Enterprise","HITEC City",https://www.google.com/search?q=MEDICAL%20INNOVATION+Hyderabad/careers,,,,
sprouts-energy,"SPROUTS ENERGY",https://www.google.com/search?q=SPROUTS%20ENERGY+Hyderabad,"SaaS & Enterprise","HITEC City",https://www.google.com/search?q=SPROUTS%20ENERGY+Hyderabad/careers,,,,
ascasd-tech,"ASCASD TECH",https://www.google.com/search?q=ASCASD%20TECH+Hyderabad,"SaaS & Enterprise","HITEC City",https://www.google.com/search?q=ASCASD%20TECH+Hyderabad/careers,,,,
soaron-aerospace-innovations,"SOARON AEROSPACE INNOVATIONS",https://www.google.com/search?q=SOARON%20AEROSPACE%20INNOVATIONS+Hyderabad,"SaaS & Enterprise","HITEC City",https://www.google.com/search?q=SOARON%20AEROSPACE%20INNOVATIONS+Hyderabad/careers,,,,
y2tion-enterprises,"Y2TION ENTERPRISES",https://www.google.com/search?q=Y2TION%20ENTERPRISES+Hyderabad,"SaaS & Enterprise","HITEC City",https://www.google.com/search?q=Y2TION%20ENTERPRISES+Hyderabad/careers,,,,
adyaha-ways,"ADYAHA WAYS",https://www.google.com/search?q=ADYAHA%20WAYS+Hyderabad,"SaaS & Enterprise","HITEC City",https://www.google.com/search?q=ADYAHA%20WAYS+Hyderabad/careers,,,,
astra-rafael-comsys,"ASTRA RAFAEL COMSYS",https://www.google.com/search?q=ASTRA%20RAFAEL%20COMSYS+Hyderabad,"SaaS & Enterprise","HITEC City",https://www.google.com/search?q=ASTRA%20RAFAEL%20COMSYS+Hyderabad/careers,,,,
gem-pressure-systems,"GEM PRESSURE SYSTEMS",https://www.google.com/search?q=GEM%20PRESSURE%20SYSTEMS+Hyderabad,"SaaS & Enterprise","HITEC City",https://www.google.com/search?q=GEM%20PRESSURE%20SYSTEMS+Hyderabad/careers,,,,
sansi-rf-and-communication-systems,"SANSI RF AND COMMUNICATION SYSTEMS",https://www.google.com/search?q=SANSI%20RF%20AND%20COMMUNICATION%20SYSTEMS+Hyderabad,"SaaS & Enterprise","HITEC City",https://www.google.com/search?q=SANSI%20RF%20AND%20COMMUNICATION%20SYSTEMS+Hyderabad/careers,,,,
aries-solutions,"ARIES SOLUTIONS",https://www.google.com/search?q=ARIES%20SOLUTIONS+Hyderabad,"SaaS & Enterprise","HITEC City",https://www.google.com/search?q=ARIES%20SOLUTIONS+Hyderabad/careers,,,,
garudaastra-aeroinventive-solutions,"GARUDAASTRA AEROINVENTIVE SOLUTIONS",https://www.google.com/search?q=GARUDAASTRA%20AEROINVENTIVE%20SOLUTIONS+Hyderabad,"SaaS & Enterprise","HITEC City",https://www.google.com/search?q=GARUDAASTRA%20AEROINVENTIVE%20SOLUTIONS+Hyderabad/careers,,,,
dskn-aerospace-engineering-india,"DSKN AEROSPACE ENGINEERING INDIA",https://www.google.com/search?q=DSKN%20AEROSPACE%20ENGINEERING%20INDIA+Hyderabad,"SaaS & Enterprise","HITEC City",https://www.google.com/search?q=DSKN%20AEROSPACE%20ENGINEERING%20INDIA+Hyderabad/careers,,,,
renuka-precision-systems,"RENUKA PRECISION SYSTEMS",https://www.google.com/search?q=RENUKA%20PRECISION%20SYSTEMS+Hyderabad,"SaaS & Enterprise","HITEC City",https://www.google.com/search?q=RENUKA%20PRECISION%20SYSTEMS+Hyderabad/careers,,,,
eap-cad-engineering-designs,"EAP CAD Engineering Designs",https://www.google.com/search?q=EAP%20CAD%20Engineering%20Designs+Hyderabad,"SaaS & Enterprise","HITEC City",https://www.google.com/search?q=EAP%20CAD%20Engineering%20Designs+Hyderabad/careers,,,,
jatayu-drones,"JATAYU DRONES",https://www.google.com/search?q=JATAYU%20DRONES+Hyderabad,"SaaS & Enterprise","HITEC City",https://www.google.com/search?q=JATAYU%20DRONES+Hyderabad/careers,,,,
gedov-transmissions,"GEDOV TRANSMISSIONS",https://www.google.com/search?q=GEDOV%20TRANSMISSIONS+Hyderabad,"SaaS & Enterprise","HITEC City",https://www.google.com/search?q=GEDOV%20TRANSMISSIONS+Hyderabad/careers,,,,
wvijju-solutions,"WVIJJU SOLUTIONS",https://www.google.com/search?q=WVIJJU%20SOLUTIONS+Hyderabad,"SaaS & Enterprise","HITEC City",https://www.google.com/search?q=WVIJJU%20SOLUTIONS+Hyderabad/careers,,,,
ghm-works,"GHM WORKS",https://www.google.com/search?q=GHM%20WORKS+Hyderabad,"SaaS & Enterprise","HITEC City",https://www.google.com/search?q=GHM%20WORKS+Hyderabad/careers,,,,
saibaba-polymer-technologies,"SAIBABA POLYMER TECHNOLOGIES",https://www.google.com/search?q=SAIBABA%20POLYMER%20TECHNOLOGIES+Hyderabad,"SaaS & Enterprise","HITEC City",https://www.google.com/search?q=SAIBABA%20POLYMER%20TECHNOLOGIES+Hyderabad/careers,,,,
varcas-automobiles,"VARCAS AUTOMOBILES",https://www.google.com/search?q=VARCAS%20AUTOMOBILES+Hyderabad,"SaaS & Enterprise","HITEC City",https://www.google.com/search?q=VARCAS%20AUTOMOBILES+Hyderabad/careers,,,,
neoplatron-india,"NEOPLATRON INDIA",https://www.google.com/search?q=NEOPLATRON%20INDIA+Hyderabad,"SaaS & Enterprise","HITEC City",https://www.google.com/search?q=NEOPLATRON%20INDIA+Hyderabad/careers,,,,
uton-energia,"UTON ENERGIA",https://www.google.com/search?q=UTON%20ENERGIA+Hyderabad,"SaaS & Enterprise","HITEC City",https://www.google.com/search?q=UTON%20ENERGIA+Hyderabad/careers,,,,
mouktik-consulting-services,"MOUKTIK CONSULTING SERVICES",https://www.google.com/search?q=MOUKTIK%20CONSULTING%20SERVICES+Hyderabad,"SaaS & Enterprise","HITEC City",https://www.google.com/search?q=MOUKTIK%20CONSULTING%20SERVICES+Hyderabad/careers,,,,
adapt-motors,"ADAPT MOTORS",https://www.google.com/search?q=ADAPT%20MOTORS+Hyderabad,"SaaS & Enterprise","HITEC City",https://www.google.com/search?q=ADAPT%20MOTORS+Hyderabad/careers,,,,
temsrax-india,"TEMSRAX INDIA",https://www.google.com/search?q=TEMSRAX%20INDIA+Hyderabad,"SaaS & Enterprise","HITEC City",https://www.google.com/search?q=TEMSRAX%20INDIA+Hyderabad/careers,,,,
autozilla-solutions,"AUTOZILLA SOLUTIONS",https://www.google.com/search?q=AUTOZILLA%20SOLUTIONS+Hyderabad,"SaaS & Enterprise","HITEC City",https://www.google.com/search?q=AUTOZILLA%20SOLUTIONS+Hyderabad/careers,,,,
dalekometni-electromob-motors,"Dalekometni Electromob Motors",https://www.google.com/search?q=Dalekometni%20Electromob%20Motors+Hyderabad,"SaaS & Enterprise","HITEC City",https://www.google.com/search?q=Dalekometni%20Electromob%20Motors+Hyderabad/careers,,,,
razen-motors,"RAZEN MOTORS",https://www.google.com/search?q=RAZEN%20MOTORS+Hyderabad,"SaaS & Enterprise","HITEC City",https://www.google.com/search?q=RAZEN%20MOTORS+Hyderabad/careers,,,,
eboon-motors,"EBOON MOTORS",https://www.google.com/search?q=EBOON%20MOTORS+Hyderabad,"SaaS & Enterprise","HITEC City",https://www.google.com/search?q=EBOON%20MOTORS+Hyderabad/careers,,,,
carnomy-technologies,"CARNOMY TECHNOLOGIES",https://www.google.com/search?q=CARNOMY%20TECHNOLOGIES+Hyderabad,"SaaS & Enterprise","HITEC City",https://www.google.com/search?q=CARNOMY%20TECHNOLOGIES+Hyderabad/careers,,,,
basamitra-safeties,"BASAMITRA SAFETIES",https://www.google.com/search?q=BASAMITRA%20SAFETIES+Hyderabad,"SaaS & Enterprise","HITEC City",https://www.google.com/search?q=BASAMITRA%20SAFETIES+Hyderabad/careers,,,,
pit-shop,"PIT SHOP",https://www.google.com/search?q=PIT%20SHOP+Hyderabad,"SaaS & Enterprise","HITEC City",https://www.google.com/search?q=PIT%20SHOP+Hyderabad/careers,,,,
beerala-information-technologies,"BEERALA INFORMATION TECHNOLOGIES",https://www.google.com/search?q=BEERALA%20INFORMATION%20TECHNOLOGIES+Hyderabad,"SaaS & Enterprise","HITEC City",https://www.google.com/search?q=BEERALA%20INFORMATION%20TECHNOLOGIES+Hyderabad/careers,,,,
future-dizicare-enterprises,"FUTURE DIZICARE ENTERPRISES",https://www.google.com/search?q=FUTURE%20DIZICARE%20ENTERPRISES+Hyderabad,"SaaS & Enterprise","HITEC City",https://www.google.com/search?q=FUTURE%20DIZICARE%20ENTERPRISES+Hyderabad/careers,,,,
nuronics-labs,"NURONICS LABS",https://www.google.com/search?q=NURONICS%20LABS+Hyderabad,"SaaS & Enterprise","HITEC City",https://www.google.com/search?q=NURONICS%20LABS+Hyderabad/careers,,,,
ebhasha-setu-language-services,"EBHASHA SETU LANGUAGE SERVICES",https://www.google.com/search?q=EBHASHA%20SETU%20LANGUAGE%20SERVICES+Hyderabad,"SaaS & Enterprise","HITEC City",https://www.google.com/search?q=EBHASHA%20SETU%20LANGUAGE%20SERVICES+Hyderabad/careers,,,,
ibeyonde-cloud-services,"IBEYONDE CLOUD SERVICES",https://www.google.com/search?q=IBEYONDE%20CLOUD%20SERVICES+Hyderabad,"SaaS & Enterprise","HITEC City",https://www.google.com/search?q=IBEYONDE%20CLOUD%20SERVICES+Hyderabad/careers,,,,
nkk-innovations,"NKK Innovations",https://www.google.com/search?q=NKK%20Innovations+Hyderabad,"SaaS & Enterprise","HITEC City",https://www.google.com/search?q=NKK%20Innovations+Hyderabad/careers,,,,
stellar-software-technologies,"STELLAR SOFTWARE TECHNOLOGIES",https://www.google.com/search?q=STELLAR%20SOFTWARE%20TECHNOLOGIES+Hyderabad,"SaaS & Enterprise","HITEC City",https://www.google.com/search?q=STELLAR%20SOFTWARE%20TECHNOLOGIES+Hyderabad/careers,,,,
aitechex-quantum-innovative-solutions,"AITECHEX QUANTUM INNOVATIVE SOLUTIONS",https://www.google.com/search?q=AITECHEX%20QUANTUM%20INNOVATIVE%20SOLUTIONS+Hyderabad,"SaaS & Enterprise","HITEC City",https://www.google.com/search?q=AITECHEX%20QUANTUM%20INNOVATIVE%20SOLUTIONS+Hyderabad/careers,,,,
activation-functions,"Activation Functions",https://www.google.com/search?q=Activation%20Functions+Hyderabad,"SaaS & Enterprise","HITEC City",https://www.google.com/search?q=Activation%20Functions+Hyderabad/careers,,,,
vils-ait,"VILS AIT",https://www.google.com/search?q=VILS%20AIT+Hyderabad,"SaaS & Enterprise","HITEC City",https://www.google.com/search?q=VILS%20AIT+Hyderabad/careers,,,,
srilin-electronics,"SRILIN ELECTRONICS",https://www.google.com/search?q=SRILIN%20ELECTRONICS+Hyderabad,"SaaS & Enterprise","HITEC City",https://www.google.com/search?q=SRILIN%20ELECTRONICS+Hyderabad/careers,,,,